-- phpMyAdmin SQL Dump
-- version 5.2.0
-- https://www.phpmyadmin.net/
--
-- Host: localhost:3306
-- Generation Time: Apr 24, 2024 at 05:24 PM
-- Server version: 8.0.30
-- PHP Version: 8.2.16

SET SQL_MODE = "NO_AUTO_VALUE_ON_ZERO";
START TRANSACTION;
SET time_zone = "+00:00";


/*!40101 SET @OLD_CHARACTER_SET_CLIENT=@@CHARACTER_SET_CLIENT */;
/*!40101 SET @OLD_CHARACTER_SET_RESULTS=@@CHARACTER_SET_RESULTS */;
/*!40101 SET @OLD_COLLATION_CONNECTION=@@COLLATION_CONNECTION */;
/*!40101 SET NAMES utf8mb4 */;

--
-- Database: `pickbazar`
--

-- --------------------------------------------------------

--
-- Table structure for table `abusive_reports`
--

CREATE TABLE `abusive_reports` (
  `id` bigint UNSIGNED NOT NULL,
  `user_id` bigint UNSIGNED NOT NULL,
  `model_type` varchar(191) CHARACTER SET utf8mb4 COLLATE utf8mb4_unicode_ci NOT NULL,
  `model_id` bigint UNSIGNED NOT NULL,
  `message` text CHARACTER SET utf8mb4 COLLATE utf8mb4_unicode_ci NOT NULL,
  `created_at` timestamp NULL DEFAULT NULL,
  `updated_at` timestamp NULL DEFAULT NULL
) ENGINE=InnoDB DEFAULT CHARSET=utf8mb4 COLLATE=utf8mb4_unicode_ci;

-- --------------------------------------------------------

--
-- Table structure for table `address`
--

CREATE TABLE `address` (
  `id` bigint UNSIGNED NOT NULL,
  `title` varchar(191) CHARACTER SET utf8mb4 COLLATE utf8mb4_unicode_ci NOT NULL,
  `type` varchar(191) CHARACTER SET utf8mb4 COLLATE utf8mb4_unicode_ci NOT NULL,
  `default` tinyint(1) NOT NULL DEFAULT '0',
  `address` json NOT NULL,
  `location` json DEFAULT NULL,
  `customer_id` bigint UNSIGNED NOT NULL,
  `created_at` timestamp NULL DEFAULT NULL,
  `updated_at` timestamp NULL DEFAULT NULL
) ENGINE=InnoDB DEFAULT CHARSET=utf8mb4 COLLATE=utf8mb4_unicode_ci;

-- --------------------------------------------------------

--
-- Table structure for table `addtocart`
--

CREATE TABLE `addtocart` (
  `id` bigint UNSIGNED NOT NULL,
  `user_id` bigint UNSIGNED NOT NULL,
  `product_id` bigint UNSIGNED NOT NULL,
  `variation_option_id` bigint UNSIGNED DEFAULT NULL,
  `created_at` timestamp NULL DEFAULT NULL,
  `updated_at` timestamp NULL DEFAULT NULL
) ENGINE=InnoDB DEFAULT CHARSET=utf8mb4 COLLATE=utf8mb4_general_ci;

-- --------------------------------------------------------

--
-- Table structure for table `attachments`
--

CREATE TABLE `attachments` (
  `id` bigint UNSIGNED NOT NULL,
  `url` varchar(191) CHARACTER SET utf8mb4 COLLATE utf8mb4_unicode_ci NOT NULL DEFAULT '',
  `created_at` timestamp NULL DEFAULT NULL,
  `updated_at` timestamp NULL DEFAULT NULL
) ENGINE=InnoDB DEFAULT CHARSET=utf8mb4 COLLATE=utf8mb4_unicode_ci;

-- --------------------------------------------------------

--
-- Table structure for table `attributes`
--

CREATE TABLE `attributes` (
  `id` bigint UNSIGNED NOT NULL,
  `slug` varchar(191) CHARACTER SET utf8mb4 COLLATE utf8mb4_unicode_ci NOT NULL,
  `language` varchar(191) CHARACTER SET utf8mb4 COLLATE utf8mb4_unicode_ci NOT NULL DEFAULT 'en',
  `name` varchar(191) CHARACTER SET utf8mb4 COLLATE utf8mb4_unicode_ci NOT NULL,
  `shop_id` bigint UNSIGNED DEFAULT NULL,
  `created_at` timestamp NULL DEFAULT NULL,
  `updated_at` timestamp NULL DEFAULT NULL
) ENGINE=InnoDB DEFAULT CHARSET=utf8mb4 COLLATE=utf8mb4_unicode_ci;

-- --------------------------------------------------------

--
-- Table structure for table `attribute_product`
--

CREATE TABLE `attribute_product` (
  `id` bigint UNSIGNED NOT NULL,
  `attribute_value_id` bigint UNSIGNED NOT NULL,
  `product_id` bigint UNSIGNED NOT NULL,
  `created_at` timestamp NULL DEFAULT NULL,
  `updated_at` timestamp NULL DEFAULT NULL
) ENGINE=InnoDB DEFAULT CHARSET=utf8mb4 COLLATE=utf8mb4_unicode_ci;

-- --------------------------------------------------------

--
-- Table structure for table `attribute_values`
--

CREATE TABLE `attribute_values` (
  `id` bigint UNSIGNED NOT NULL,
  `slug` varchar(191) CHARACTER SET utf8mb4 COLLATE utf8mb4_unicode_ci NOT NULL,
  `attribute_id` bigint UNSIGNED NOT NULL,
  `value` varchar(191) CHARACTER SET utf8mb4 COLLATE utf8mb4_unicode_ci NOT NULL,
  `language` varchar(191) CHARACTER SET utf8mb4 COLLATE utf8mb4_unicode_ci NOT NULL DEFAULT 'en',
  `meta` varchar(191) CHARACTER SET utf8mb4 COLLATE utf8mb4_unicode_ci DEFAULT NULL,
  `created_at` timestamp NULL DEFAULT NULL,
  `updated_at` timestamp NULL DEFAULT NULL
) ENGINE=InnoDB DEFAULT CHARSET=utf8mb4 COLLATE=utf8mb4_unicode_ci;

-- --------------------------------------------------------

--
-- Table structure for table `authors`
--

CREATE TABLE `authors` (
  `id` bigint UNSIGNED NOT NULL,
  `name` varchar(191) CHARACTER SET utf8mb4 COLLATE utf8mb4_unicode_ci NOT NULL,
  `is_approved` tinyint(1) NOT NULL DEFAULT '0',
  `image` json DEFAULT NULL,
  `cover_image` json DEFAULT NULL,
  `slug` varchar(191) CHARACTER SET utf8mb4 COLLATE utf8mb4_unicode_ci NOT NULL,
  `language` varchar(191) CHARACTER SET utf8mb4 COLLATE utf8mb4_unicode_ci NOT NULL DEFAULT 'en',
  `bio` text CHARACTER SET utf8mb4 COLLATE utf8mb4_unicode_ci,
  `quote` text CHARACTER SET utf8mb4 COLLATE utf8mb4_unicode_ci,
  `born` varchar(191) CHARACTER SET utf8mb4 COLLATE utf8mb4_unicode_ci DEFAULT NULL,
  `death` varchar(191) CHARACTER SET utf8mb4 COLLATE utf8mb4_unicode_ci DEFAULT NULL,
  `languages` varchar(191) CHARACTER SET utf8mb4 COLLATE utf8mb4_unicode_ci DEFAULT NULL,
  `socials` json DEFAULT NULL,
  `created_at` timestamp NULL DEFAULT NULL,
  `updated_at` timestamp NULL DEFAULT NULL
) ENGINE=InnoDB DEFAULT CHARSET=utf8mb4 COLLATE=utf8mb4_unicode_ci;

-- --------------------------------------------------------

--
-- Table structure for table `availabilities`
--

CREATE TABLE `availabilities` (
  `id` bigint UNSIGNED NOT NULL,
  `from` varchar(191) CHARACTER SET utf8mb4 COLLATE utf8mb4_unicode_ci NOT NULL,
  `to` varchar(191) CHARACTER SET utf8mb4 COLLATE utf8mb4_unicode_ci NOT NULL,
  `language` varchar(191) CHARACTER SET utf8mb4 COLLATE utf8mb4_unicode_ci NOT NULL DEFAULT 'en',
  `booking_duration` varchar(191) CHARACTER SET utf8mb4 COLLATE utf8mb4_unicode_ci NOT NULL,
  `order_quantity` int NOT NULL,
  `bookable_type` varchar(191) CHARACTER SET utf8mb4 COLLATE utf8mb4_unicode_ci NOT NULL,
  `bookable_id` bigint UNSIGNED NOT NULL,
  `order_id` bigint UNSIGNED DEFAULT NULL,
  `product_id` bigint UNSIGNED DEFAULT NULL,
  `created_at` timestamp NULL DEFAULT NULL,
  `updated_at` timestamp NULL DEFAULT NULL
) ENGINE=InnoDB DEFAULT CHARSET=utf8mb4 COLLATE=utf8mb4_unicode_ci;

-- --------------------------------------------------------

--
-- Table structure for table `balances`
--

CREATE TABLE `balances` (
  `id` bigint UNSIGNED NOT NULL,
  `shop_id` bigint UNSIGNED NOT NULL,
  `admin_commission_rate` double DEFAULT NULL,
  `total_earnings` double NOT NULL DEFAULT '0',
  `withdrawn_amount` double NOT NULL DEFAULT '0',
  `current_balance` double NOT NULL DEFAULT '0',
  `payment_info` json DEFAULT NULL,
  `created_at` timestamp NULL DEFAULT NULL,
  `updated_at` timestamp NULL DEFAULT NULL
) ENGINE=InnoDB DEFAULT CHARSET=utf8mb4 COLLATE=utf8mb4_unicode_ci;

-- --------------------------------------------------------

--
-- Table structure for table `banners`
--

CREATE TABLE `banners` (
  `id` bigint UNSIGNED NOT NULL,
  `type_id` bigint UNSIGNED NOT NULL,
  `title` text CHARACTER SET utf8mb4 COLLATE utf8mb4_unicode_ci NOT NULL,
  `description` text CHARACTER SET utf8mb4 COLLATE utf8mb4_unicode_ci,
  `image` json DEFAULT NULL,
  `created_at` timestamp NULL DEFAULT NULL,
  `updated_at` timestamp NULL DEFAULT NULL
) ENGINE=InnoDB DEFAULT CHARSET=utf8mb4 COLLATE=utf8mb4_unicode_ci;

-- --------------------------------------------------------

--
-- Table structure for table `categories`
--

CREATE TABLE `categories` (
  `id` bigint UNSIGNED NOT NULL,
  `name` varchar(191) CHARACTER SET utf8mb4 COLLATE utf8mb4_unicode_ci NOT NULL,
  `slug` varchar(191) CHARACTER SET utf8mb4 COLLATE utf8mb4_unicode_ci NOT NULL,
  `language` varchar(191) CHARACTER SET utf8mb4 COLLATE utf8mb4_unicode_ci NOT NULL DEFAULT 'en',
  `icon` varchar(191) CHARACTER SET utf8mb4 COLLATE utf8mb4_unicode_ci DEFAULT NULL,
  `image` json DEFAULT NULL,
  `details` text CHARACTER SET utf8mb4 COLLATE utf8mb4_unicode_ci,
  `parent` bigint UNSIGNED DEFAULT NULL,
  `type_id` bigint UNSIGNED NOT NULL,
  `created_at` timestamp NULL DEFAULT NULL,
  `updated_at` timestamp NULL DEFAULT NULL,
  `deleted_at` timestamp NULL DEFAULT NULL
) ENGINE=InnoDB DEFAULT CHARSET=utf8mb4 COLLATE=utf8mb4_unicode_ci;

-- --------------------------------------------------------

--
-- Table structure for table `category_product`
--

CREATE TABLE `category_product` (
  `id` bigint UNSIGNED NOT NULL,
  `product_id` bigint UNSIGNED NOT NULL,
  `category_id` bigint UNSIGNED NOT NULL
) ENGINE=InnoDB DEFAULT CHARSET=utf8mb4 COLLATE=utf8mb4_unicode_ci;

-- --------------------------------------------------------

--
-- Table structure for table `category_shop`
--

CREATE TABLE `category_shop` (
  `id` bigint UNSIGNED NOT NULL,
  `shop_id` bigint UNSIGNED NOT NULL,
  `category_id` bigint UNSIGNED NOT NULL
) ENGINE=InnoDB DEFAULT CHARSET=utf8mb4 COLLATE=utf8mb4_unicode_ci;

-- --------------------------------------------------------

--
-- Table structure for table `conversations`
--

CREATE TABLE `conversations` (
  `id` bigint UNSIGNED NOT NULL,
  `user_id` bigint UNSIGNED NOT NULL,
  `shop_id` bigint UNSIGNED NOT NULL,
  `created_at` timestamp NULL DEFAULT NULL,
  `updated_at` timestamp NULL DEFAULT NULL
) ENGINE=InnoDB DEFAULT CHARSET=utf8mb4 COLLATE=utf8mb4_unicode_ci;

-- --------------------------------------------------------

--
-- Table structure for table `coupons`
--

CREATE TABLE `coupons` (
  `id` bigint UNSIGNED NOT NULL,
  `code` varchar(191) CHARACTER SET utf8mb4 COLLATE utf8mb4_unicode_ci NOT NULL,
  `language` varchar(191) CHARACTER SET utf8mb4 COLLATE utf8mb4_unicode_ci NOT NULL DEFAULT 'en',
  `description` text CHARACTER SET utf8mb4 COLLATE utf8mb4_unicode_ci,
  `image` json DEFAULT NULL,
  `type` enum('fixed','percentage','free_shipping','fixed') CHARACTER SET utf8mb4 COLLATE utf8mb4_unicode_ci NOT NULL DEFAULT 'fixed',
  `amount` double(8,2) NOT NULL DEFAULT '0.00',
  `minimum_cart_amount` double(8,2) NOT NULL DEFAULT '0.00',
  `active_from` varchar(191) CHARACTER SET utf8mb4 COLLATE utf8mb4_unicode_ci NOT NULL,
  `expire_at` varchar(191) CHARACTER SET utf8mb4 COLLATE utf8mb4_unicode_ci NOT NULL,
  `target` tinyint(1) NOT NULL DEFAULT '0' COMMENT 'Default value is false but For authenticated customer the value is true',
  `is_approve` tinyint(1) NOT NULL DEFAULT '0',
  `shop_id` bigint UNSIGNED DEFAULT NULL,
  `user_id` bigint UNSIGNED DEFAULT NULL,
  `created_at` timestamp NULL DEFAULT NULL,
  `updated_at` timestamp NULL DEFAULT NULL,
  `deleted_at` timestamp NULL DEFAULT NULL
) ENGINE=InnoDB DEFAULT CHARSET=utf8mb4 COLLATE=utf8mb4_unicode_ci;

-- --------------------------------------------------------

--
-- Table structure for table `delivery_times`
--

CREATE TABLE `delivery_times` (
  `id` int UNSIGNED NOT NULL,
  `title` varchar(191) CHARACTER SET utf8mb4 COLLATE utf8mb4_unicode_ci NOT NULL,
  `slug` varchar(191) CHARACTER SET utf8mb4 COLLATE utf8mb4_unicode_ci NOT NULL,
  `icon` varchar(191) CHARACTER SET utf8mb4 COLLATE utf8mb4_unicode_ci NOT NULL,
  `description` text CHARACTER SET utf8mb4 COLLATE utf8mb4_unicode_ci,
  `language` varchar(191) CHARACTER SET utf8mb4 COLLATE utf8mb4_unicode_ci NOT NULL DEFAULT 'en',
  `created_at` timestamp NULL DEFAULT NULL,
  `updated_at` timestamp NULL DEFAULT NULL
) ENGINE=InnoDB DEFAULT CHARSET=utf8mb4 COLLATE=utf8mb4_unicode_ci;

-- --------------------------------------------------------

--
-- Table structure for table `deposit_product`
--

CREATE TABLE `deposit_product` (
  `resource_id` bigint UNSIGNED DEFAULT NULL,
  `product_id` bigint UNSIGNED DEFAULT NULL
) ENGINE=InnoDB DEFAULT CHARSET=utf8mb4 COLLATE=utf8mb4_unicode_ci;

-- --------------------------------------------------------

--
-- Table structure for table `digital_files`
--

CREATE TABLE `digital_files` (
  `id` bigint UNSIGNED NOT NULL,
  `attachment_id` bigint UNSIGNED NOT NULL,
  `url` varchar(191) CHARACTER SET utf8mb4 COLLATE utf8mb4_unicode_ci NOT NULL,
  `file_name` varchar(191) CHARACTER SET utf8mb4 COLLATE utf8mb4_unicode_ci NOT NULL,
  `fileable_type` varchar(191) CHARACTER SET utf8mb4 COLLATE utf8mb4_unicode_ci NOT NULL,
  `fileable_id` bigint UNSIGNED NOT NULL,
  `created_at` timestamp NULL DEFAULT NULL,
  `updated_at` timestamp NULL DEFAULT NULL
) ENGINE=InnoDB DEFAULT CHARSET=utf8mb4 COLLATE=utf8mb4_unicode_ci;

-- --------------------------------------------------------

--
-- Table structure for table `download_tokens`
--

CREATE TABLE `download_tokens` (
  `id` bigint UNSIGNED NOT NULL,
  `token` varchar(191) CHARACTER SET utf8mb4 COLLATE utf8mb4_unicode_ci NOT NULL,
  `digital_file_id` bigint UNSIGNED DEFAULT NULL,
  `payload` text CHARACTER SET utf8mb4 COLLATE utf8mb4_unicode_ci,
  `user_id` bigint UNSIGNED NOT NULL,
  `created_at` timestamp NULL DEFAULT NULL,
  `updated_at` timestamp NULL DEFAULT NULL
) ENGINE=InnoDB DEFAULT CHARSET=utf8mb4 COLLATE=utf8mb4_unicode_ci;

-- --------------------------------------------------------

--
-- Table structure for table `dropoff_location_product`
--

CREATE TABLE `dropoff_location_product` (
  `resource_id` bigint UNSIGNED DEFAULT NULL,
  `product_id` bigint UNSIGNED DEFAULT NULL
) ENGINE=InnoDB DEFAULT CHARSET=utf8mb4 COLLATE=utf8mb4_unicode_ci;

-- --------------------------------------------------------

--
-- Table structure for table `failed_jobs`
--

CREATE TABLE `failed_jobs` (
  `id` bigint UNSIGNED NOT NULL,
  `uuid` varchar(191) CHARACTER SET utf8mb4 COLLATE utf8mb4_unicode_ci NOT NULL,
  `connection` text CHARACTER SET utf8mb4 COLLATE utf8mb4_unicode_ci NOT NULL,
  `queue` text CHARACTER SET utf8mb4 COLLATE utf8mb4_unicode_ci NOT NULL,
  `payload` longtext CHARACTER SET utf8mb4 COLLATE utf8mb4_unicode_ci NOT NULL,
  `exception` longtext CHARACTER SET utf8mb4 COLLATE utf8mb4_unicode_ci NOT NULL,
  `failed_at` timestamp NOT NULL DEFAULT CURRENT_TIMESTAMP
) ENGINE=InnoDB DEFAULT CHARSET=utf8mb4 COLLATE=utf8mb4_unicode_ci;

--
-- Dumping data for table `failed_jobs`
--

INSERT INTO `failed_jobs` (`id`, `uuid`, `connection`, `queue`, `payload`, `exception`, `failed_at`) VALUES
(1, 'c4cce5bb-23b2-4c28-b23c-0debf54d8f9d', 'database', 'default', '{\"uuid\":\"c4cce5bb-23b2-4c28-b23c-0debf54d8f9d\",\"displayName\":\"Marvel\\\\Notifications\\\\MaintenanceReminder\",\"job\":\"Illuminate\\\\Queue\\\\CallQueuedHandler@call\",\"maxTries\":null,\"maxExceptions\":null,\"failOnTimeout\":false,\"backoff\":null,\"timeout\":null,\"retryUntil\":null,\"data\":{\"commandName\":\"Illuminate\\\\Notifications\\\\SendQueuedNotifications\",\"command\":\"O:48:\\\"Illuminate\\\\Notifications\\\\SendQueuedNotifications\\\":3:{s:11:\\\"notifiables\\\";O:29:\\\"Illuminate\\\\Support\\\\Collection\\\":2:{s:8:\\\"\\u0000*\\u0000items\\\";a:1:{i:0;O:44:\\\"Illuminate\\\\Notifications\\\\AnonymousNotifiable\\\":1:{s:6:\\\"routes\\\";a:1:{s:4:\\\"mail\\\";a:1:{i:0;s:26:\\\"tech.bytecodeing@gmail.com\\\";}}}}s:28:\\\"\\u0000*\\u0000escapeWhenCastingToString\\\";b:0;}s:12:\\\"notification\\\";O:40:\\\"Marvel\\\\Notifications\\\\MaintenanceReminder\\\":2:{s:8:\\\"settings\\\";O:45:\\\"Illuminate\\\\Contracts\\\\Database\\\\ModelIdentifier\\\":5:{s:5:\\\"class\\\";s:31:\\\"Marvel\\\\Database\\\\Models\\\\Settings\\\";s:2:\\\"id\\\";i:1;s:9:\\\"relations\\\";a:0:{}s:10:\\\"connection\\\";s:5:\\\"mysql\\\";s:15:\\\"collectionClass\\\";N;}s:2:\\\"id\\\";s:36:\\\"dd2f64a6-1b8b-4fe0-881f-a6371c9ae647\\\";}s:8:\\\"channels\\\";a:1:{i:0;s:4:\\\"mail\\\";}}\"}}', 'Symfony\\Component\\Mime\\Exception\\LogicException: An email must have a \"From\" or a \"Sender\" header. in /var/www/4pay/api/vendor/symfony/mime/Message.php:138\nStack trace:\n#0 /var/www/4pay/api/vendor/symfony/mime/Email.php(410): Symfony\\Component\\Mime\\Message->ensureValidity()\n#1 /var/www/4pay/api/vendor/symfony/mailer/SentMessage.php(33): Symfony\\Component\\Mime\\Email->ensureValidity()\n#2 /var/www/4pay/api/vendor/symfony/mailer/Transport/AbstractTransport.php(68): Symfony\\Component\\Mailer\\SentMessage->__construct()\n#3 /var/www/4pay/api/vendor/symfony/mailgun-mailer/Transport/MailgunHeadersTrait.php(32): Symfony\\Component\\Mailer\\Transport\\AbstractTransport->send()\n#4 /var/www/4pay/api/vendor/laravel/framework/src/Illuminate/Mail/Mailer.php(573): Symfony\\Component\\Mailer\\Bridge\\Mailgun\\Transport\\MailgunHttpTransport->send()\n#5 /var/www/4pay/api/vendor/laravel/framework/src/Illuminate/Mail/Mailer.php(335): Illuminate\\Mail\\Mailer->sendSymfonyMessage()\n#6 /var/www/4pay/api/vendor/laravel/framework/src/Illuminate/Notifications/Channels/MailChannel.php(69): Illuminate\\Mail\\Mailer->send()\n#7 /var/www/4pay/api/vendor/laravel/framework/src/Illuminate/Notifications/NotificationSender.php(148): Illuminate\\Notifications\\Channels\\MailChannel->send()\n#8 /var/www/4pay/api/vendor/laravel/framework/src/Illuminate/Notifications/NotificationSender.php(106): Illuminate\\Notifications\\NotificationSender->sendToNotifiable()\n#9 /var/www/4pay/api/vendor/laravel/framework/src/Illuminate/Support/Traits/Localizable.php(19): Illuminate\\Notifications\\NotificationSender->Illuminate\\Notifications\\{closure}()\n#10 /var/www/4pay/api/vendor/laravel/framework/src/Illuminate/Notifications/NotificationSender.php(109): Illuminate\\Notifications\\NotificationSender->withLocale()\n#11 /var/www/4pay/api/vendor/laravel/framework/src/Illuminate/Notifications/ChannelManager.php(54): Illuminate\\Notifications\\NotificationSender->sendNow()\n#12 /var/www/4pay/api/vendor/laravel/framework/src/Illuminate/Notifications/SendQueuedNotifications.php(119): Illuminate\\Notifications\\ChannelManager->sendNow()\n#13 /var/www/4pay/api/vendor/laravel/framework/src/Illuminate/Container/BoundMethod.php(36): Illuminate\\Notifications\\SendQueuedNotifications->handle()\n#14 /var/www/4pay/api/vendor/laravel/framework/src/Illuminate/Container/Util.php(41): Illuminate\\Container\\BoundMethod::Illuminate\\Container\\{closure}()\n#15 /var/www/4pay/api/vendor/laravel/framework/src/Illuminate/Container/BoundMethod.php(93): Illuminate\\Container\\Util::unwrapIfClosure()\n#16 /var/www/4pay/api/vendor/laravel/framework/src/Illuminate/Container/BoundMethod.php(37): Illuminate\\Container\\BoundMethod::callBoundMethod()\n#17 /var/www/4pay/api/vendor/laravel/framework/src/Illuminate/Container/Container.php(662): Illuminate\\Container\\BoundMethod::call()\n#18 /var/www/4pay/api/vendor/laravel/framework/src/Illuminate/Bus/Dispatcher.php(128): Illuminate\\Container\\Container->call()\n#19 /var/www/4pay/api/vendor/laravel/framework/src/Illuminate/Pipeline/Pipeline.php(141): Illuminate\\Bus\\Dispatcher->Illuminate\\Bus\\{closure}()\n#20 /var/www/4pay/api/vendor/laravel/framework/src/Illuminate/Pipeline/Pipeline.php(116): Illuminate\\Pipeline\\Pipeline->Illuminate\\Pipeline\\{closure}()\n#21 /var/www/4pay/api/vendor/laravel/framework/src/Illuminate/Bus/Dispatcher.php(132): Illuminate\\Pipeline\\Pipeline->then()\n#22 /var/www/4pay/api/vendor/laravel/framework/src/Illuminate/Queue/CallQueuedHandler.php(124): Illuminate\\Bus\\Dispatcher->dispatchNow()\n#23 /var/www/4pay/api/vendor/laravel/framework/src/Illuminate/Pipeline/Pipeline.php(141): Illuminate\\Queue\\CallQueuedHandler->Illuminate\\Queue\\{closure}()\n#24 /var/www/4pay/api/vendor/laravel/framework/src/Illuminate/Pipeline/Pipeline.php(116): Illuminate\\Pipeline\\Pipeline->Illuminate\\Pipeline\\{closure}()\n#25 /var/www/4pay/api/vendor/laravel/framework/src/Illuminate/Queue/CallQueuedHandler.php(126): Illuminate\\Pipeline\\Pipeline->then()\n#26 /var/www/4pay/api/vendor/laravel/framework/src/Illuminate/Queue/CallQueuedHandler.php(70): Illuminate\\Queue\\CallQueuedHandler->dispatchThroughMiddleware()\n#27 /var/www/4pay/api/vendor/laravel/framework/src/Illuminate/Queue/Jobs/Job.php(98): Illuminate\\Queue\\CallQueuedHandler->call()\n#28 /var/www/4pay/api/vendor/laravel/framework/src/Illuminate/Queue/Worker.php(439): Illuminate\\Queue\\Jobs\\Job->fire()\n#29 /var/www/4pay/api/vendor/laravel/framework/src/Illuminate/Queue/Worker.php(389): Illuminate\\Queue\\Worker->process()\n#30 /var/www/4pay/api/vendor/laravel/framework/src/Illuminate/Queue/Worker.php(333): Illuminate\\Queue\\Worker->runJob()\n#31 /var/www/4pay/api/vendor/laravel/framework/src/Illuminate/Queue/Console/WorkCommand.php(138): Illuminate\\Queue\\Worker->runNextJob()\n#32 /var/www/4pay/api/vendor/laravel/framework/src/Illuminate/Queue/Console/WorkCommand.php(121): Illuminate\\Queue\\Console\\WorkCommand->runWorker()\n#33 /var/www/4pay/api/vendor/laravel/framework/src/Illuminate/Container/BoundMethod.php(36): Illuminate\\Queue\\Console\\WorkCommand->handle()\n#34 /var/www/4pay/api/vendor/laravel/framework/src/Illuminate/Container/Util.php(41): Illuminate\\Container\\BoundMethod::Illuminate\\Container\\{closure}()\n#35 /var/www/4pay/api/vendor/laravel/framework/src/Illuminate/Container/BoundMethod.php(93): Illuminate\\Container\\Util::unwrapIfClosure()\n#36 /var/www/4pay/api/vendor/laravel/framework/src/Illuminate/Container/BoundMethod.php(37): Illuminate\\Container\\BoundMethod::callBoundMethod()\n#37 /var/www/4pay/api/vendor/laravel/framework/src/Illuminate/Container/Container.php(662): Illuminate\\Container\\BoundMethod::call()\n#38 /var/www/4pay/api/vendor/laravel/framework/src/Illuminate/Console/Command.php(211): Illuminate\\Container\\Container->call()\n#39 /var/www/4pay/api/vendor/symfony/console/Command/Command.php(326): Illuminate\\Console\\Command->execute()\n#40 /var/www/4pay/api/vendor/laravel/framework/src/Illuminate/Console/Command.php(181): Symfony\\Component\\Console\\Command\\Command->run()\n#41 /var/www/4pay/api/vendor/symfony/console/Application.php(1081): Illuminate\\Console\\Command->run()\n#42 /var/www/4pay/api/vendor/symfony/console/Application.php(320): Symfony\\Component\\Console\\Application->doRunCommand()\n#43 /var/www/4pay/api/vendor/symfony/console/Application.php(174): Symfony\\Component\\Console\\Application->doRun()\n#44 /var/www/4pay/api/vendor/laravel/framework/src/Illuminate/Foundation/Console/Kernel.php(201): Symfony\\Component\\Console\\Application->run()\n#45 /var/www/4pay/api/artisan(37): Illuminate\\Foundation\\Console\\Kernel->handle()\n#46 {main}', '2024-01-17 07:41:58'),
(2, '9c7c556a-376f-4eed-a514-c9cae402704e', 'database', 'default', '{\"uuid\":\"9c7c556a-376f-4eed-a514-c9cae402704e\",\"displayName\":\"Marvel\\\\Notifications\\\\MaintenanceReminder\",\"job\":\"Illuminate\\\\Queue\\\\CallQueuedHandler@call\",\"maxTries\":null,\"maxExceptions\":null,\"failOnTimeout\":false,\"backoff\":null,\"timeout\":null,\"retryUntil\":null,\"data\":{\"commandName\":\"Illuminate\\\\Notifications\\\\SendQueuedNotifications\",\"command\":\"O:48:\\\"Illuminate\\\\Notifications\\\\SendQueuedNotifications\\\":3:{s:11:\\\"notifiables\\\";O:29:\\\"Illuminate\\\\Support\\\\Collection\\\":2:{s:8:\\\"\\u0000*\\u0000items\\\";a:1:{i:0;O:44:\\\"Illuminate\\\\Notifications\\\\AnonymousNotifiable\\\":1:{s:6:\\\"routes\\\";a:1:{s:4:\\\"mail\\\";a:1:{i:0;s:15:\\\"vendor@demo.com\\\";}}}}s:28:\\\"\\u0000*\\u0000escapeWhenCastingToString\\\";b:0;}s:12:\\\"notification\\\";O:40:\\\"Marvel\\\\Notifications\\\\MaintenanceReminder\\\":2:{s:8:\\\"settings\\\";O:45:\\\"Illuminate\\\\Contracts\\\\Database\\\\ModelIdentifier\\\":5:{s:5:\\\"class\\\";s:31:\\\"Marvel\\\\Database\\\\Models\\\\Settings\\\";s:2:\\\"id\\\";i:1;s:9:\\\"relations\\\";a:0:{}s:10:\\\"connection\\\";s:5:\\\"mysql\\\";s:15:\\\"collectionClass\\\";N;}s:2:\\\"id\\\";s:36:\\\"945f24b6-4360-439e-810d-aff7d1bdf34b\\\";}s:8:\\\"channels\\\";a:1:{i:0;s:4:\\\"mail\\\";}}\"}}', 'Symfony\\Component\\Mime\\Exception\\LogicException: An email must have a \"From\" or a \"Sender\" header. in /var/www/4pay/api/vendor/symfony/mime/Message.php:138\nStack trace:\n#0 /var/www/4pay/api/vendor/symfony/mime/Email.php(410): Symfony\\Component\\Mime\\Message->ensureValidity()\n#1 /var/www/4pay/api/vendor/symfony/mailer/SentMessage.php(33): Symfony\\Component\\Mime\\Email->ensureValidity()\n#2 /var/www/4pay/api/vendor/symfony/mailer/Transport/AbstractTransport.php(68): Symfony\\Component\\Mailer\\SentMessage->__construct()\n#3 /var/www/4pay/api/vendor/symfony/mailgun-mailer/Transport/MailgunHeadersTrait.php(32): Symfony\\Component\\Mailer\\Transport\\AbstractTransport->send()\n#4 /var/www/4pay/api/vendor/laravel/framework/src/Illuminate/Mail/Mailer.php(573): Symfony\\Component\\Mailer\\Bridge\\Mailgun\\Transport\\MailgunHttpTransport->send()\n#5 /var/www/4pay/api/vendor/laravel/framework/src/Illuminate/Mail/Mailer.php(335): Illuminate\\Mail\\Mailer->sendSymfonyMessage()\n#6 /var/www/4pay/api/vendor/laravel/framework/src/Illuminate/Notifications/Channels/MailChannel.php(69): Illuminate\\Mail\\Mailer->send()\n#7 /var/www/4pay/api/vendor/laravel/framework/src/Illuminate/Notifications/NotificationSender.php(148): Illuminate\\Notifications\\Channels\\MailChannel->send()\n#8 /var/www/4pay/api/vendor/laravel/framework/src/Illuminate/Notifications/NotificationSender.php(106): Illuminate\\Notifications\\NotificationSender->sendToNotifiable()\n#9 /var/www/4pay/api/vendor/laravel/framework/src/Illuminate/Support/Traits/Localizable.php(19): Illuminate\\Notifications\\NotificationSender->Illuminate\\Notifications\\{closure}()\n#10 /var/www/4pay/api/vendor/laravel/framework/src/Illuminate/Notifications/NotificationSender.php(109): Illuminate\\Notifications\\NotificationSender->withLocale()\n#11 /var/www/4pay/api/vendor/laravel/framework/src/Illuminate/Notifications/ChannelManager.php(54): Illuminate\\Notifications\\NotificationSender->sendNow()\n#12 /var/www/4pay/api/vendor/laravel/framework/src/Illuminate/Notifications/SendQueuedNotifications.php(119): Illuminate\\Notifications\\ChannelManager->sendNow()\n#13 /var/www/4pay/api/vendor/laravel/framework/src/Illuminate/Container/BoundMethod.php(36): Illuminate\\Notifications\\SendQueuedNotifications->handle()\n#14 /var/www/4pay/api/vendor/laravel/framework/src/Illuminate/Container/Util.php(41): Illuminate\\Container\\BoundMethod::Illuminate\\Container\\{closure}()\n#15 /var/www/4pay/api/vendor/laravel/framework/src/Illuminate/Container/BoundMethod.php(93): Illuminate\\Container\\Util::unwrapIfClosure()\n#16 /var/www/4pay/api/vendor/laravel/framework/src/Illuminate/Container/BoundMethod.php(37): Illuminate\\Container\\BoundMethod::callBoundMethod()\n#17 /var/www/4pay/api/vendor/laravel/framework/src/Illuminate/Container/Container.php(662): Illuminate\\Container\\BoundMethod::call()\n#18 /var/www/4pay/api/vendor/laravel/framework/src/Illuminate/Bus/Dispatcher.php(128): Illuminate\\Container\\Container->call()\n#19 /var/www/4pay/api/vendor/laravel/framework/src/Illuminate/Pipeline/Pipeline.php(141): Illuminate\\Bus\\Dispatcher->Illuminate\\Bus\\{closure}()\n#20 /var/www/4pay/api/vendor/laravel/framework/src/Illuminate/Pipeline/Pipeline.php(116): Illuminate\\Pipeline\\Pipeline->Illuminate\\Pipeline\\{closure}()\n#21 /var/www/4pay/api/vendor/laravel/framework/src/Illuminate/Bus/Dispatcher.php(132): Illuminate\\Pipeline\\Pipeline->then()\n#22 /var/www/4pay/api/vendor/laravel/framework/src/Illuminate/Queue/CallQueuedHandler.php(124): Illuminate\\Bus\\Dispatcher->dispatchNow()\n#23 /var/www/4pay/api/vendor/laravel/framework/src/Illuminate/Pipeline/Pipeline.php(141): Illuminate\\Queue\\CallQueuedHandler->Illuminate\\Queue\\{closure}()\n#24 /var/www/4pay/api/vendor/laravel/framework/src/Illuminate/Pipeline/Pipeline.php(116): Illuminate\\Pipeline\\Pipeline->Illuminate\\Pipeline\\{closure}()\n#25 /var/www/4pay/api/vendor/laravel/framework/src/Illuminate/Queue/CallQueuedHandler.php(126): Illuminate\\Pipeline\\Pipeline->then()\n#26 /var/www/4pay/api/vendor/laravel/framework/src/Illuminate/Queue/CallQueuedHandler.php(70): Illuminate\\Queue\\CallQueuedHandler->dispatchThroughMiddleware()\n#27 /var/www/4pay/api/vendor/laravel/framework/src/Illuminate/Queue/Jobs/Job.php(98): Illuminate\\Queue\\CallQueuedHandler->call()\n#28 /var/www/4pay/api/vendor/laravel/framework/src/Illuminate/Queue/Worker.php(439): Illuminate\\Queue\\Jobs\\Job->fire()\n#29 /var/www/4pay/api/vendor/laravel/framework/src/Illuminate/Queue/Worker.php(389): Illuminate\\Queue\\Worker->process()\n#30 /var/www/4pay/api/vendor/laravel/framework/src/Illuminate/Queue/Worker.php(333): Illuminate\\Queue\\Worker->runJob()\n#31 /var/www/4pay/api/vendor/laravel/framework/src/Illuminate/Queue/Console/WorkCommand.php(138): Illuminate\\Queue\\Worker->runNextJob()\n#32 /var/www/4pay/api/vendor/laravel/framework/src/Illuminate/Queue/Console/WorkCommand.php(121): Illuminate\\Queue\\Console\\WorkCommand->runWorker()\n#33 /var/www/4pay/api/vendor/laravel/framework/src/Illuminate/Container/BoundMethod.php(36): Illuminate\\Queue\\Console\\WorkCommand->handle()\n#34 /var/www/4pay/api/vendor/laravel/framework/src/Illuminate/Container/Util.php(41): Illuminate\\Container\\BoundMethod::Illuminate\\Container\\{closure}()\n#35 /var/www/4pay/api/vendor/laravel/framework/src/Illuminate/Container/BoundMethod.php(93): Illuminate\\Container\\Util::unwrapIfClosure()\n#36 /var/www/4pay/api/vendor/laravel/framework/src/Illuminate/Container/BoundMethod.php(37): Illuminate\\Container\\BoundMethod::callBoundMethod()\n#37 /var/www/4pay/api/vendor/laravel/framework/src/Illuminate/Container/Container.php(662): Illuminate\\Container\\BoundMethod::call()\n#38 /var/www/4pay/api/vendor/laravel/framework/src/Illuminate/Console/Command.php(211): Illuminate\\Container\\Container->call()\n#39 /var/www/4pay/api/vendor/symfony/console/Command/Command.php(326): Illuminate\\Console\\Command->execute()\n#40 /var/www/4pay/api/vendor/laravel/framework/src/Illuminate/Console/Command.php(181): Symfony\\Component\\Console\\Command\\Command->run()\n#41 /var/www/4pay/api/vendor/symfony/console/Application.php(1081): Illuminate\\Console\\Command->run()\n#42 /var/www/4pay/api/vendor/symfony/console/Application.php(320): Symfony\\Component\\Console\\Application->doRunCommand()\n#43 /var/www/4pay/api/vendor/symfony/console/Application.php(174): Symfony\\Component\\Console\\Application->doRun()\n#44 /var/www/4pay/api/vendor/laravel/framework/src/Illuminate/Foundation/Console/Kernel.php(201): Symfony\\Component\\Console\\Application->run()\n#45 /var/www/4pay/api/artisan(37): Illuminate\\Foundation\\Console\\Kernel->handle()\n#46 {main}', '2024-01-17 07:41:58');

-- --------------------------------------------------------

--
-- Table structure for table `faqs`
--

CREATE TABLE `faqs` (
  `id` bigint UNSIGNED NOT NULL,
  `user_id` bigint UNSIGNED NOT NULL,
  `shop_id` bigint UNSIGNED DEFAULT NULL,
  `faq_title` text CHARACTER SET utf8mb4 COLLATE utf8mb4_unicode_ci NOT NULL,
  `slug` varchar(191) CHARACTER SET utf8mb4 COLLATE utf8mb4_unicode_ci NOT NULL,
  `faq_description` text CHARACTER SET utf8mb4 COLLATE utf8mb4_unicode_ci NOT NULL,
  `faq_type` varchar(191) CHARACTER SET utf8mb4 COLLATE utf8mb4_unicode_ci DEFAULT NULL,
  `issued_by` varchar(191) CHARACTER SET utf8mb4 COLLATE utf8mb4_unicode_ci DEFAULT NULL,
  `language` varchar(191) CHARACTER SET utf8mb4 COLLATE utf8mb4_unicode_ci DEFAULT NULL,
  `deleted_at` timestamp NULL DEFAULT NULL,
  `created_at` timestamp NULL DEFAULT NULL,
  `updated_at` timestamp NULL DEFAULT NULL
) ENGINE=InnoDB DEFAULT CHARSET=utf8mb4 COLLATE=utf8mb4_unicode_ci;

-- --------------------------------------------------------

--
-- Table structure for table `feature_product`
--

CREATE TABLE `feature_product` (
  `resource_id` bigint UNSIGNED DEFAULT NULL,
  `product_id` bigint UNSIGNED DEFAULT NULL
) ENGINE=InnoDB DEFAULT CHARSET=utf8mb4 COLLATE=utf8mb4_unicode_ci;

-- --------------------------------------------------------

--
-- Table structure for table `feedbacks`
--

CREATE TABLE `feedbacks` (
  `id` bigint UNSIGNED NOT NULL,
  `user_id` bigint UNSIGNED NOT NULL,
  `model_type` varchar(191) CHARACTER SET utf8mb4 COLLATE utf8mb4_unicode_ci NOT NULL,
  `model_id` bigint UNSIGNED NOT NULL,
  `positive` tinyint(1) DEFAULT NULL,
  `negative` tinyint(1) DEFAULT NULL,
  `created_at` timestamp NULL DEFAULT NULL,
  `updated_at` timestamp NULL DEFAULT NULL
) ENGINE=InnoDB DEFAULT CHARSET=utf8mb4 COLLATE=utf8mb4_unicode_ci;

-- --------------------------------------------------------

--
-- Table structure for table `flash_sales`
--

CREATE TABLE `flash_sales` (
  `id` bigint UNSIGNED NOT NULL,
  `title` varchar(191) CHARACTER SET utf8mb4 COLLATE utf8mb4_unicode_ci NOT NULL,
  `slug` varchar(191) CHARACTER SET utf8mb4 COLLATE utf8mb4_unicode_ci NOT NULL,
  `description` text CHARACTER SET utf8mb4 COLLATE utf8mb4_unicode_ci,
  `start_date` datetime NOT NULL DEFAULT '2024-01-03 13:13:12',
  `end_date` datetime NOT NULL,
  `sale_status` tinyint(1) NOT NULL DEFAULT '0',
  `type` enum('percentage','fixed_rate','percentage') CHARACTER SET utf8mb4 COLLATE utf8mb4_unicode_ci NOT NULL DEFAULT 'percentage',
  `rate` int DEFAULT NULL,
  `sale_builder` json DEFAULT NULL,
  `image` json DEFAULT NULL,
  `cover_image` json DEFAULT NULL,
  `language` varchar(191) CHARACTER SET utf8mb4 COLLATE utf8mb4_unicode_ci DEFAULT NULL,
  `deleted_at` timestamp NULL DEFAULT NULL,
  `created_at` timestamp NULL DEFAULT NULL,
  `updated_at` timestamp NULL DEFAULT NULL
) ENGINE=InnoDB DEFAULT CHARSET=utf8mb4 COLLATE=utf8mb4_unicode_ci;

-- --------------------------------------------------------

--
-- Table structure for table `flash_sale_products`
--

CREATE TABLE `flash_sale_products` (
  `flash_sale_id` bigint UNSIGNED NOT NULL,
  `product_id` bigint UNSIGNED NOT NULL
) ENGINE=InnoDB DEFAULT CHARSET=utf8mb4 COLLATE=utf8mb4_unicode_ci;

-- --------------------------------------------------------

--
-- Table structure for table `flash_sale_requests`
--

CREATE TABLE `flash_sale_requests` (
  `id` bigint UNSIGNED NOT NULL,
  `title` varchar(191) CHARACTER SET utf8mb4 COLLATE utf8mb4_unicode_ci NOT NULL,
  `flash_sale_id` bigint UNSIGNED NOT NULL,
  `request_status` tinyint(1) NOT NULL DEFAULT '0',
  `note` varchar(191) CHARACTER SET utf8mb4 COLLATE utf8mb4_unicode_ci DEFAULT NULL,
  `language` varchar(191) CHARACTER SET utf8mb4 COLLATE utf8mb4_unicode_ci NOT NULL DEFAULT 'en',
  `deleted_at` timestamp NULL DEFAULT NULL,
  `created_at` timestamp NULL DEFAULT NULL,
  `updated_at` timestamp NULL DEFAULT NULL
) ENGINE=InnoDB DEFAULT CHARSET=utf8mb4 COLLATE=utf8mb4_unicode_ci;

-- --------------------------------------------------------

--
-- Table structure for table `flash_sale_requests_products`
--

CREATE TABLE `flash_sale_requests_products` (
  `flash_sale_requests_id` bigint UNSIGNED DEFAULT NULL,
  `product_id` bigint UNSIGNED DEFAULT NULL
) ENGINE=InnoDB DEFAULT CHARSET=utf8mb4 COLLATE=utf8mb4_unicode_ci;

-- --------------------------------------------------------

--
-- Table structure for table `jobs`
--

CREATE TABLE `jobs` (
  `id` bigint UNSIGNED NOT NULL,
  `queue` varchar(191) CHARACTER SET utf8mb4 COLLATE utf8mb4_unicode_ci NOT NULL,
  `payload` longtext CHARACTER SET utf8mb4 COLLATE utf8mb4_unicode_ci NOT NULL,
  `attempts` tinyint UNSIGNED NOT NULL,
  `reserved_at` int UNSIGNED DEFAULT NULL,
  `available_at` int UNSIGNED NOT NULL,
  `created_at` int UNSIGNED NOT NULL
) ENGINE=InnoDB DEFAULT CHARSET=utf8mb4 COLLATE=utf8mb4_unicode_ci;

-- --------------------------------------------------------

--
-- Table structure for table `manufacturers`
--

CREATE TABLE `manufacturers` (
  `id` bigint UNSIGNED NOT NULL,
  `name` varchar(191) CHARACTER SET utf8mb4 COLLATE utf8mb4_unicode_ci NOT NULL,
  `is_approved` tinyint(1) NOT NULL DEFAULT '0',
  `image` json DEFAULT NULL,
  `cover_image` json DEFAULT NULL,
  `slug` varchar(191) CHARACTER SET utf8mb4 COLLATE utf8mb4_unicode_ci NOT NULL,
  `language` varchar(191) CHARACTER SET utf8mb4 COLLATE utf8mb4_unicode_ci NOT NULL DEFAULT 'en',
  `type_id` bigint UNSIGNED NOT NULL,
  `description` text CHARACTER SET utf8mb4 COLLATE utf8mb4_unicode_ci,
  `website` varchar(191) CHARACTER SET utf8mb4 COLLATE utf8mb4_unicode_ci DEFAULT NULL,
  `socials` json DEFAULT NULL,
  `created_at` timestamp NULL DEFAULT NULL,
  `updated_at` timestamp NULL DEFAULT NULL
) ENGINE=InnoDB DEFAULT CHARSET=utf8mb4 COLLATE=utf8mb4_unicode_ci;

-- --------------------------------------------------------

--
-- Table structure for table `media`
--

CREATE TABLE `media` (
  `id` bigint UNSIGNED NOT NULL,
  `model_type` varchar(191) CHARACTER SET utf8mb4 COLLATE utf8mb4_unicode_ci NOT NULL,
  `model_id` bigint UNSIGNED NOT NULL,
  `uuid` char(36) CHARACTER SET utf8mb4 COLLATE utf8mb4_unicode_ci DEFAULT NULL,
  `collection_name` varchar(191) CHARACTER SET utf8mb4 COLLATE utf8mb4_unicode_ci NOT NULL,
  `name` varchar(191) CHARACTER SET utf8mb4 COLLATE utf8mb4_unicode_ci NOT NULL,
  `file_name` varchar(191) CHARACTER SET utf8mb4 COLLATE utf8mb4_unicode_ci NOT NULL,
  `mime_type` varchar(191) CHARACTER SET utf8mb4 COLLATE utf8mb4_unicode_ci DEFAULT NULL,
  `disk` varchar(191) CHARACTER SET utf8mb4 COLLATE utf8mb4_unicode_ci NOT NULL,
  `conversions_disk` varchar(191) CHARACTER SET utf8mb4 COLLATE utf8mb4_unicode_ci DEFAULT NULL,
  `size` bigint UNSIGNED NOT NULL,
  `manipulations` json NOT NULL,
  `generated_conversions` json NOT NULL,
  `custom_properties` json NOT NULL,
  `responsive_images` json NOT NULL,
  `order_column` int UNSIGNED DEFAULT NULL,
  `created_at` timestamp NULL DEFAULT NULL,
  `updated_at` timestamp NULL DEFAULT NULL
) ENGINE=InnoDB DEFAULT CHARSET=utf8mb4 COLLATE=utf8mb4_unicode_ci;

-- --------------------------------------------------------

--
-- Table structure for table `messages`
--

CREATE TABLE `messages` (
  `id` bigint UNSIGNED NOT NULL,
  `conversation_id` bigint UNSIGNED NOT NULL,
  `user_id` bigint UNSIGNED NOT NULL,
  `body` text CHARACTER SET utf8mb4 COLLATE utf8mb4_unicode_ci NOT NULL,
  `created_at` timestamp NULL DEFAULT NULL,
  `updated_at` timestamp NULL DEFAULT NULL
) ENGINE=InnoDB DEFAULT CHARSET=utf8mb4 COLLATE=utf8mb4_unicode_ci;

-- --------------------------------------------------------

--
-- Table structure for table `migrations`
--

CREATE TABLE `migrations` (
  `id` int UNSIGNED NOT NULL,
  `migration` varchar(191) CHARACTER SET utf8mb4 COLLATE utf8mb4_unicode_ci NOT NULL,
  `batch` int NOT NULL
) ENGINE=InnoDB DEFAULT CHARSET=utf8mb4 COLLATE=utf8mb4_unicode_ci;

--
-- Dumping data for table `migrations`
--

INSERT INTO `migrations` (`id`, `migration`, `batch`) VALUES
(1, '2014_10_12_000000_create_users_table', 1),
(2, '2014_10_12_100000_create_password_resets_table', 1),
(3, '2019_08_19_000000_create_failed_jobs_table', 1),
(4, '2019_12_14_000001_create_personal_access_tokens_table', 1),
(5, '2020_04_17_194830_create_permission_tables', 1),
(6, '2020_06_02_051901_create_marvel_tables', 1),
(7, '2020_10_26_163529_create_media_table', 1),
(8, '2021_04_17_051901_create_new_marvel_tables', 1),
(9, '2021_08_08_051901_create_wallet_table', 1),
(10, '2021_09_26_051901_create_product_type_table', 1),
(11, '2021_10_12_193855_create_reviews_table', 1),
(12, '2022_01_19_051901_create_rental_tables', 1),
(13, '2022_01_31_051901_create_marvel_languages_tables', 1),
(14, '2022_03_23_051901_create_marvel_delivery_time_tables', 1),
(15, '2022_03_23_051902_create_marvel_store_notice_tables', 1),
(16, '2022_03_24_124527_add_columns_to_table', 1),
(17, '2022_04_11_094659_create_jobs_table', 1),
(18, '2022_05_09_070829_create_messages_table', 1),
(19, '2023_05_10_154638_add_column_to_order_table', 1),
(20, '2023_07_12_030502_create_notify_logs_table', 1),
(21, '2023_07_19_162433_create_faqs_table', 1),
(22, '2023_07_25_053633_create_terms_and_conditions_table', 1),
(23, '2023_08_10_161757_add_sold_quantity_column_to_products_table', 1),
(24, '2023_08_14_173253_create_flash_sales_table', 1),
(25, '2023_08_15_061447_add_is_featured_column_to_products_table', 1),
(26, '2023_08_28_114418_create_refund_policies_table', 1),
(27, '2023_09_07_061715_create_refund_reasons_table', 1),
(28, '2023_10_16_090210_add_digitial_file_tracker_column_to_variation_options_table', 1),
(29, '2023_10_19_055742_add_note_column_to_flash_sale_requests_table', 1),
(30, '2023_11_28_090210_add_new_two_column_to_coupons_table', 1);

-- --------------------------------------------------------

--
-- Table structure for table `model_has_permissions`
--

CREATE TABLE `model_has_permissions` (
  `permission_id` bigint UNSIGNED NOT NULL,
  `model_type` varchar(191) CHARACTER SET utf8mb4 COLLATE utf8mb4_unicode_ci NOT NULL,
  `model_id` bigint UNSIGNED NOT NULL
) ENGINE=InnoDB DEFAULT CHARSET=utf8mb4 COLLATE=utf8mb4_unicode_ci;

--
-- Dumping data for table `model_has_permissions`
--

INSERT INTO `model_has_permissions` (`permission_id`, `model_type`, `model_id`) VALUES
(2, 'Marvel\\Database\\Models\\User', 1),
(3, 'Marvel\\Database\\Models\\User', 1),
(2, 'Marvel\\Database\\Models\\User', 2),
(2, 'Marvel\\Database\\Models\\User', 4),
(2, 'Marvel\\Database\\Models\\User', 5),
(1, 'Marvel\\Database\\Models\\User', 6),
(2, 'Marvel\\Database\\Models\\User', 6),
(3, 'Marvel\\Database\\Models\\User', 6),
(2, 'Marvel\\Database\\Models\\User', 7),
(2, 'Marvel\\Database\\Models\\User', 8),
(2, 'Marvel\\Database\\Models\\User', 9),
(2, 'Marvel\\Database\\Models\\User', 10),
(2, 'Marvel\\Database\\Models\\User', 11),
(2, 'Marvel\\Database\\Models\\User', 12),
(3, 'Marvel\\Database\\Models\\User', 12),
(2, 'Marvel\\Database\\Models\\User', 13),
(2, 'Marvel\\Database\\Models\\User', 14),
(2, 'Marvel\\Database\\Models\\User', 15),
(3, 'Marvel\\Database\\Models\\User', 15),
(2, 'Marvel\\Database\\Models\\User', 16),
(3, 'Marvel\\Database\\Models\\User', 16),
(2, 'Marvel\\Database\\Models\\User', 17),
(3, 'Marvel\\Database\\Models\\User', 17),
(2, 'Marvel\\Database\\Models\\User', 18),
(3, 'Marvel\\Database\\Models\\User', 18),
(2, 'Marvel\\Database\\Models\\User', 19),
(3, 'Marvel\\Database\\Models\\User', 19),
(2, 'Marvel\\Database\\Models\\User', 20),
(2, 'Marvel\\Database\\Models\\User', 21),
(2, 'Marvel\\Database\\Models\\User', 22),
(2, 'Marvel\\Database\\Models\\User', 23),
(2, 'Marvel\\Database\\Models\\User', 24),
(2, 'Marvel\\Database\\Models\\User', 25),
(2, 'Marvel\\Database\\Models\\User', 26),
(2, 'Marvel\\Database\\Models\\User', 27),
(2, 'Marvel\\Database\\Models\\User', 28),
(2, 'Marvel\\Database\\Models\\User', 29),
(2, 'Marvel\\Database\\Models\\User', 30),
(2, 'Marvel\\Database\\Models\\User', 31),
(2, 'Marvel\\Database\\Models\\User', 32),
(3, 'Marvel\\Database\\Models\\User', 32),
(2, 'Marvel\\Database\\Models\\User', 33),
(2, 'Marvel\\Database\\Models\\User', 34),
(3, 'Marvel\\Database\\Models\\User', 34),
(2, 'Marvel\\Database\\Models\\User', 35),
(2, 'Marvel\\Database\\Models\\User', 36),
(2, 'Marvel\\Database\\Models\\User', 37),
(4, 'Marvel\\Database\\Models\\User', 37),
(2, 'Marvel\\Database\\Models\\User', 38),
(2, 'Marvel\\Database\\Models\\User', 39),
(2, 'Marvel\\Database\\Models\\User', 40),
(2, 'Marvel\\Database\\Models\\User', 41),
(2, 'Marvel\\Database\\Models\\User', 42),
(2, 'Marvel\\Database\\Models\\User', 43),
(2, 'Marvel\\Database\\Models\\User', 44),
(2, 'Marvel\\Database\\Models\\User', 45),
(2, 'Marvel\\Database\\Models\\User', 46),
(4, 'Marvel\\Database\\Models\\User', 46),
(2, 'Marvel\\Database\\Models\\User', 47),
(2, 'Marvel\\Database\\Models\\User', 49),
(4, 'Marvel\\Database\\Models\\User', 49),
(2, 'Marvel\\Database\\Models\\User', 54),
(2, 'Marvel\\Database\\Models\\User', 55),
(4, 'Marvel\\Database\\Models\\User', 55),
(2, 'Marvel\\Database\\Models\\User', 56),
(2, 'Marvel\\Database\\Models\\User', 57),
(4, 'Marvel\\Database\\Models\\User', 57),
(2, 'Marvel\\Database\\Models\\User', 58),
(4, 'Marvel\\Database\\Models\\User', 58),
(2, 'Marvel\\Database\\Models\\User', 59),
(4, 'Marvel\\Database\\Models\\User', 59),
(2, 'Marvel\\Database\\Models\\User', 60),
(4, 'Marvel\\Database\\Models\\User', 60),
(2, 'Marvel\\Database\\Models\\User', 61),
(4, 'Marvel\\Database\\Models\\User', 61),
(2, 'Marvel\\Database\\Models\\User', 62),
(4, 'Marvel\\Database\\Models\\User', 62),
(2, 'Marvel\\Database\\Models\\User', 63),
(2, 'Marvel\\Database\\Models\\User', 64),
(2, 'Marvel\\Database\\Models\\User', 65),
(2, 'Marvel\\Database\\Models\\User', 66),
(2, 'Marvel\\Database\\Models\\User', 69),
(2, 'Marvel\\Database\\Models\\User', 70),
(2, 'Marvel\\Database\\Models\\User', 71);

-- --------------------------------------------------------

--
-- Table structure for table `model_has_roles`
--

CREATE TABLE `model_has_roles` (
  `role_id` bigint UNSIGNED NOT NULL,
  `model_type` varchar(191) CHARACTER SET utf8mb4 COLLATE utf8mb4_unicode_ci NOT NULL,
  `model_id` bigint UNSIGNED NOT NULL
) ENGINE=InnoDB DEFAULT CHARSET=utf8mb4 COLLATE=utf8mb4_unicode_ci;

--
-- Dumping data for table `model_has_roles`
--

INSERT INTO `model_has_roles` (`role_id`, `model_type`, `model_id`) VALUES
(2, 'Marvel\\Database\\Models\\User', 1),
(4, 'Marvel\\Database\\Models\\User', 2),
(4, 'Marvel\\Database\\Models\\User', 4),
(4, 'Marvel\\Database\\Models\\User', 5),
(1, 'Marvel\\Database\\Models\\User', 6),
(4, 'Marvel\\Database\\Models\\User', 7),
(4, 'Marvel\\Database\\Models\\User', 8),
(4, 'Marvel\\Database\\Models\\User', 9),
(4, 'Marvel\\Database\\Models\\User', 10),
(4, 'Marvel\\Database\\Models\\User', 11),
(2, 'Marvel\\Database\\Models\\User', 12),
(4, 'Marvel\\Database\\Models\\User', 13),
(4, 'Marvel\\Database\\Models\\User', 14),
(2, 'Marvel\\Database\\Models\\User', 15),
(2, 'Marvel\\Database\\Models\\User', 16),
(2, 'Marvel\\Database\\Models\\User', 17),
(2, 'Marvel\\Database\\Models\\User', 18),
(2, 'Marvel\\Database\\Models\\User', 19),
(4, 'Marvel\\Database\\Models\\User', 20),
(4, 'Marvel\\Database\\Models\\User', 21),
(4, 'Marvel\\Database\\Models\\User', 22),
(4, 'Marvel\\Database\\Models\\User', 23),
(4, 'Marvel\\Database\\Models\\User', 24),
(4, 'Marvel\\Database\\Models\\User', 25),
(4, 'Marvel\\Database\\Models\\User', 26),
(4, 'Marvel\\Database\\Models\\User', 27),
(4, 'Marvel\\Database\\Models\\User', 28),
(4, 'Marvel\\Database\\Models\\User', 29),
(4, 'Marvel\\Database\\Models\\User', 30),
(4, 'Marvel\\Database\\Models\\User', 31),
(2, 'Marvel\\Database\\Models\\User', 32),
(4, 'Marvel\\Database\\Models\\User', 33),
(2, 'Marvel\\Database\\Models\\User', 34),
(4, 'Marvel\\Database\\Models\\User', 35),
(4, 'Marvel\\Database\\Models\\User', 36),
(3, 'Marvel\\Database\\Models\\User', 37),
(4, 'Marvel\\Database\\Models\\User', 38),
(4, 'Marvel\\Database\\Models\\User', 39),
(4, 'Marvel\\Database\\Models\\User', 40),
(4, 'Marvel\\Database\\Models\\User', 41),
(4, 'Marvel\\Database\\Models\\User', 42),
(4, 'Marvel\\Database\\Models\\User', 43),
(4, 'Marvel\\Database\\Models\\User', 44),
(4, 'Marvel\\Database\\Models\\User', 45),
(3, 'Marvel\\Database\\Models\\User', 46),
(4, 'Marvel\\Database\\Models\\User', 47),
(3, 'Marvel\\Database\\Models\\User', 49),
(4, 'Marvel\\Database\\Models\\User', 54),
(3, 'Marvel\\Database\\Models\\User', 55),
(4, 'Marvel\\Database\\Models\\User', 56),
(3, 'Marvel\\Database\\Models\\User', 57),
(3, 'Marvel\\Database\\Models\\User', 58),
(3, 'Marvel\\Database\\Models\\User', 59),
(3, 'Marvel\\Database\\Models\\User', 60),
(3, 'Marvel\\Database\\Models\\User', 61),
(3, 'Marvel\\Database\\Models\\User', 62),
(4, 'Marvel\\Database\\Models\\User', 63),
(4, 'Marvel\\Database\\Models\\User', 64),
(4, 'Marvel\\Database\\Models\\User', 65),
(4, 'Marvel\\Database\\Models\\User', 66),
(4, 'Marvel\\Database\\Models\\User', 69),
(4, 'Marvel\\Database\\Models\\User', 70),
(4, 'Marvel\\Database\\Models\\User', 71);

-- --------------------------------------------------------

--
-- Table structure for table `notify_logs`
--

CREATE TABLE `notify_logs` (
  `id` bigint UNSIGNED NOT NULL,
  `receiver` bigint UNSIGNED NOT NULL,
  `sender` bigint UNSIGNED DEFAULT NULL,
  `notify_type` text CHARACTER SET utf8mb4 COLLATE utf8mb4_unicode_ci,
  `notify_receiver_type` text CHARACTER SET utf8mb4 COLLATE utf8mb4_unicode_ci,
  `is_read` tinyint(1) NOT NULL DEFAULT '0',
  `notify_tracker` text CHARACTER SET utf8mb4 COLLATE utf8mb4_unicode_ci,
  `notify_text` text CHARACTER SET utf8mb4 COLLATE utf8mb4_unicode_ci,
  `deleted_at` timestamp NULL DEFAULT NULL,
  `created_at` timestamp NULL DEFAULT NULL,
  `updated_at` timestamp NULL DEFAULT NULL
) ENGINE=InnoDB DEFAULT CHARSET=utf8mb4 COLLATE=utf8mb4_unicode_ci;

-- --------------------------------------------------------

--
-- Table structure for table `ordered_files`
--

CREATE TABLE `ordered_files` (
  `id` bigint UNSIGNED NOT NULL,
  `purchase_key` varchar(191) CHARACTER SET utf8mb4 COLLATE utf8mb4_unicode_ci NOT NULL,
  `digital_file_id` bigint UNSIGNED NOT NULL,
  `tracking_number` varchar(191) CHARACTER SET utf8mb4 COLLATE utf8mb4_unicode_ci DEFAULT NULL,
  `customer_id` bigint UNSIGNED NOT NULL,
  `created_at` timestamp NULL DEFAULT NULL,
  `updated_at` timestamp NULL DEFAULT NULL
) ENGINE=InnoDB DEFAULT CHARSET=utf8mb4 COLLATE=utf8mb4_unicode_ci;

-- --------------------------------------------------------

--
-- Table structure for table `orders`
--

CREATE TABLE `orders` (
  `id` bigint UNSIGNED NOT NULL,
  `tracking_number` varchar(191) CHARACTER SET utf8mb4 COLLATE utf8mb4_unicode_ci NOT NULL,
  `customer_id` bigint UNSIGNED DEFAULT NULL,
  `customer_contact` varchar(191) CHARACTER SET utf8mb4 COLLATE utf8mb4_unicode_ci NOT NULL,
  `customer_name` varchar(191) CHARACTER SET utf8mb4 COLLATE utf8mb4_unicode_ci DEFAULT NULL,
  `amount` double NOT NULL,
  `sales_tax` double DEFAULT NULL,
  `paid_total` double DEFAULT NULL,
  `total` double DEFAULT NULL,
  `note` longtext CHARACTER SET utf8mb4 COLLATE utf8mb4_unicode_ci,
  `cancelled_amount` decimal(8,2) NOT NULL DEFAULT '0.00',
  `cancelled_tax` decimal(8,2) NOT NULL DEFAULT '0.00',
  `cancelled_delivery_fee` decimal(8,2) NOT NULL DEFAULT '0.00',
  `language` varchar(191) CHARACTER SET utf8mb4 COLLATE utf8mb4_unicode_ci NOT NULL DEFAULT 'en',
  `coupon_id` bigint UNSIGNED DEFAULT NULL,
  `parent_id` bigint UNSIGNED DEFAULT NULL,
  `shop_id` bigint UNSIGNED DEFAULT NULL,
  `discount` double DEFAULT NULL,
  `payment_gateway` varchar(191) CHARACTER SET utf8mb4 COLLATE utf8mb4_unicode_ci DEFAULT NULL,
  `altered_payment_gateway` varchar(191) CHARACTER SET utf8mb4 COLLATE utf8mb4_unicode_ci DEFAULT NULL,
  `shipping_address` json DEFAULT NULL,
  `billing_address` json DEFAULT NULL,
  `logistics_provider` bigint UNSIGNED DEFAULT NULL,
  `delivery_fee` double DEFAULT NULL,
  `delivery_time` varchar(191) CHARACTER SET utf8mb4 COLLATE utf8mb4_unicode_ci DEFAULT NULL,
  `order_status` enum('order-pending','order-processing','order-completed','order-cancelled','order-refunded','order-failed','order-at-local-facility','order-out-for-delivery','order-pending') CHARACTER SET utf8mb4 COLLATE utf8mb4_unicode_ci NOT NULL DEFAULT 'order-pending',
  `payment_status` enum('payment-pending','payment-processing','payment-success','payment-failed','payment-reversal','payment-refunded','payment-cash-on-delivery','payment-cash','payment-wallet','payment-awaiting-for-approval','payment-pending') CHARACTER SET utf8mb4 COLLATE utf8mb4_unicode_ci NOT NULL DEFAULT 'payment-pending',
  `deleted_at` timestamp NULL DEFAULT NULL,
  `created_at` timestamp NULL DEFAULT NULL,
  `updated_at` timestamp NULL DEFAULT NULL
) ENGINE=InnoDB DEFAULT CHARSET=utf8mb4 COLLATE=utf8mb4_unicode_ci;

-- --------------------------------------------------------

--
-- Table structure for table `order_product`
--

CREATE TABLE `order_product` (
  `id` bigint UNSIGNED NOT NULL,
  `order_id` bigint UNSIGNED NOT NULL,
  `product_id` bigint UNSIGNED NOT NULL,
  `variation_option_id` bigint UNSIGNED DEFAULT NULL,
  `order_quantity` varchar(191) CHARACTER SET utf8mb4 COLLATE utf8mb4_unicode_ci NOT NULL,
  `unit_price` double NOT NULL,
  `subtotal` double NOT NULL,
  `deleted_at` timestamp NULL DEFAULT NULL,
  `created_at` timestamp NULL DEFAULT NULL,
  `updated_at` timestamp NULL DEFAULT NULL
) ENGINE=InnoDB DEFAULT CHARSET=utf8mb4 COLLATE=utf8mb4_unicode_ci;

-- --------------------------------------------------------

--
-- Table structure for table `order_wallet_points`
--

CREATE TABLE `order_wallet_points` (
  `id` bigint UNSIGNED NOT NULL,
  `amount` double DEFAULT NULL,
  `order_id` bigint UNSIGNED DEFAULT NULL,
  `created_at` timestamp NULL DEFAULT NULL,
  `updated_at` timestamp NULL DEFAULT NULL
) ENGINE=InnoDB DEFAULT CHARSET=utf8mb4 COLLATE=utf8mb4_unicode_ci;

-- --------------------------------------------------------

--
-- Table structure for table `participants`
--

CREATE TABLE `participants` (
  `id` bigint UNSIGNED NOT NULL,
  `conversation_id` bigint UNSIGNED NOT NULL,
  `type` enum('shop','user') CHARACTER SET utf8mb4 COLLATE utf8mb4_unicode_ci NOT NULL,
  `user_id` bigint UNSIGNED NOT NULL,
  `shop_id` bigint UNSIGNED NOT NULL,
  `message_id` bigint UNSIGNED NOT NULL,
  `notify` tinyint(1) NOT NULL DEFAULT '0',
  `last_read` timestamp NULL DEFAULT NULL,
  `created_at` timestamp NULL DEFAULT NULL,
  `updated_at` timestamp NULL DEFAULT NULL
) ENGINE=InnoDB DEFAULT CHARSET=utf8mb4 COLLATE=utf8mb4_unicode_ci;

-- --------------------------------------------------------

--
-- Table structure for table `password_resets`
--

CREATE TABLE `password_resets` (
  `email` varchar(191) CHARACTER SET utf8mb4 COLLATE utf8mb4_unicode_ci NOT NULL,
  `token` varchar(191) CHARACTER SET utf8mb4 COLLATE utf8mb4_unicode_ci NOT NULL,
  `created_at` timestamp NULL DEFAULT NULL
) ENGINE=InnoDB DEFAULT CHARSET=utf8mb4 COLLATE=utf8mb4_unicode_ci;

--
-- Dumping data for table `password_resets`
--

INSERT INTO `password_resets` (`email`, `token`, `created_at`) VALUES
('parag15@gmail.com', 'kAKopq6HZthE1MFc', '2024-01-29 08:44:06');

-- --------------------------------------------------------

--
-- Table structure for table `payment_gateways`
--

CREATE TABLE `payment_gateways` (
  `id` bigint UNSIGNED NOT NULL,
  `user_id` bigint UNSIGNED NOT NULL,
  `customer_id` varchar(191) CHARACTER SET utf8mb4 COLLATE utf8mb4_unicode_ci NOT NULL,
  `gateway_name` varchar(191) CHARACTER SET utf8mb4 COLLATE utf8mb4_unicode_ci DEFAULT NULL,
  `deleted_at` timestamp NULL DEFAULT NULL,
  `created_at` timestamp NULL DEFAULT NULL,
  `updated_at` timestamp NULL DEFAULT NULL
) ENGINE=InnoDB DEFAULT CHARSET=utf8mb4 COLLATE=utf8mb4_unicode_ci;

-- --------------------------------------------------------

--
-- Table structure for table `payment_intents`
--

CREATE TABLE `payment_intents` (
  `id` bigint UNSIGNED NOT NULL,
  `order_id` bigint UNSIGNED DEFAULT NULL,
  `tracking_number` varchar(191) CHARACTER SET utf8mb4 COLLATE utf8mb4_unicode_ci DEFAULT NULL,
  `payment_gateway` varchar(191) CHARACTER SET utf8mb4 COLLATE utf8mb4_unicode_ci DEFAULT NULL,
  `payment_intent_info` json DEFAULT NULL,
  `deleted_at` timestamp NULL DEFAULT NULL,
  `created_at` timestamp NULL DEFAULT NULL,
  `updated_at` timestamp NULL DEFAULT NULL
) ENGINE=InnoDB DEFAULT CHARSET=utf8mb4 COLLATE=utf8mb4_unicode_ci;

-- --------------------------------------------------------

--
-- Table structure for table `payment_methods`
--

CREATE TABLE `payment_methods` (
  `id` bigint UNSIGNED NOT NULL,
  `method_key` varchar(191) CHARACTER SET utf8mb4 COLLATE utf8mb4_unicode_ci NOT NULL,
  `payment_gateway_id` bigint UNSIGNED DEFAULT NULL,
  `default_card` tinyint(1) DEFAULT '0',
  `fingerprint` varchar(191) CHARACTER SET utf8mb4 COLLATE utf8mb4_unicode_ci NOT NULL,
  `owner_name` varchar(191) CHARACTER SET utf8mb4 COLLATE utf8mb4_unicode_ci DEFAULT NULL,
  `network` varchar(191) CHARACTER SET utf8mb4 COLLATE utf8mb4_unicode_ci DEFAULT NULL,
  `type` varchar(191) CHARACTER SET utf8mb4 COLLATE utf8mb4_unicode_ci DEFAULT NULL,
  `last4` varchar(191) CHARACTER SET utf8mb4 COLLATE utf8mb4_unicode_ci DEFAULT NULL,
  `expires` varchar(191) CHARACTER SET utf8mb4 COLLATE utf8mb4_unicode_ci DEFAULT NULL,
  `origin` varchar(191) CHARACTER SET utf8mb4 COLLATE utf8mb4_unicode_ci DEFAULT NULL,
  `verification_check` varchar(191) CHARACTER SET utf8mb4 COLLATE utf8mb4_unicode_ci DEFAULT NULL,
  `deleted_at` timestamp NULL DEFAULT NULL,
  `created_at` timestamp NULL DEFAULT NULL,
  `updated_at` timestamp NULL DEFAULT NULL
) ENGINE=InnoDB DEFAULT CHARSET=utf8mb4 COLLATE=utf8mb4_unicode_ci;

-- --------------------------------------------------------

--
-- Table structure for table `permissions`
--

CREATE TABLE `permissions` (
  `id` bigint UNSIGNED NOT NULL,
  `name` varchar(191) CHARACTER SET utf8mb4 COLLATE utf8mb4_unicode_ci NOT NULL,
  `guard_name` varchar(191) CHARACTER SET utf8mb4 COLLATE utf8mb4_unicode_ci NOT NULL,
  `created_at` timestamp NULL DEFAULT NULL,
  `updated_at` timestamp NULL DEFAULT NULL
) ENGINE=InnoDB DEFAULT CHARSET=utf8mb4 COLLATE=utf8mb4_unicode_ci;

--
-- Dumping data for table `permissions`
--

INSERT INTO `permissions` (`id`, `name`, `guard_name`, `created_at`, `updated_at`) VALUES
(1, 'super_admin', 'api', '2021-06-27 04:13:00', '2021-06-27 04:13:00'),
(2, 'customer', 'api', '2021-06-27 04:13:00', '2021-06-27 04:13:00'),
(3, 'store_owner', 'api', '2021-06-27 04:13:00', '2021-06-27 04:13:00'),
(4, 'staff', 'api', '2021-06-27 04:13:00', '2021-06-27 04:13:00');

-- --------------------------------------------------------

--
-- Table structure for table `personal_access_tokens`
--

CREATE TABLE `personal_access_tokens` (
  `id` bigint UNSIGNED NOT NULL,
  `tokenable_type` varchar(191) CHARACTER SET utf8mb4 COLLATE utf8mb4_unicode_ci NOT NULL,
  `tokenable_id` bigint UNSIGNED NOT NULL,
  `name` varchar(191) CHARACTER SET utf8mb4 COLLATE utf8mb4_unicode_ci NOT NULL,
  `token` varchar(64) CHARACTER SET utf8mb4 COLLATE utf8mb4_unicode_ci NOT NULL,
  `abilities` text CHARACTER SET utf8mb4 COLLATE utf8mb4_unicode_ci,
  `last_used_at` timestamp NULL DEFAULT NULL,
  `expires_at` timestamp NULL DEFAULT NULL,
  `created_at` timestamp NULL DEFAULT NULL,
  `updated_at` timestamp NULL DEFAULT NULL
) ENGINE=InnoDB DEFAULT CHARSET=utf8mb4 COLLATE=utf8mb4_unicode_ci;

--
-- Dumping data for table `personal_access_tokens`
--

INSERT INTO `personal_access_tokens` (`id`, `tokenable_type`, `tokenable_id`, `name`, `token`, `abilities`, `last_used_at`, `expires_at`, `created_at`, `updated_at`) VALUES
(1, 'Marvel\\Database\\Models\\User', 6, 'auth_token', 'fca14c6a40438712f8f385ccc646ae5fb6266ea5bf06ad86f89d701b8f50abf2', '[\"*\"]', '2024-04-24 11:48:51', NULL, '2024-04-24 11:35:29', '2024-04-24 11:48:51'),
(2, 'Marvel\\Database\\Models\\User', 6, 'auth_token', 'b4a825dd2d786d9fdcd0a08d62340e0dd9dee8b0e0a82718baac3dffd409171f', '[\"*\"]', '2024-04-24 11:51:47', NULL, '2024-04-24 11:51:13', '2024-04-24 11:51:47');

-- --------------------------------------------------------

--
-- Table structure for table `person_product`
--

CREATE TABLE `person_product` (
  `resource_id` bigint UNSIGNED DEFAULT NULL,
  `product_id` bigint UNSIGNED DEFAULT NULL
) ENGINE=InnoDB DEFAULT CHARSET=utf8mb4 COLLATE=utf8mb4_unicode_ci;

-- --------------------------------------------------------

--
-- Table structure for table `pickup_location_product`
--

CREATE TABLE `pickup_location_product` (
  `resource_id` bigint UNSIGNED DEFAULT NULL,
  `product_id` bigint UNSIGNED DEFAULT NULL
) ENGINE=InnoDB DEFAULT CHARSET=utf8mb4 COLLATE=utf8mb4_unicode_ci;

-- --------------------------------------------------------

--
-- Table structure for table `products`
--

CREATE TABLE `products` (
  `id` bigint UNSIGNED NOT NULL,
  `name` varchar(191) CHARACTER SET utf8mb4 COLLATE utf8mb4_unicode_ci NOT NULL,
  `slug` varchar(191) CHARACTER SET utf8mb4 COLLATE utf8mb4_unicode_ci NOT NULL,
  `description` longtext CHARACTER SET utf8mb4 COLLATE utf8mb4_unicode_ci,
  `type_id` bigint UNSIGNED NOT NULL,
  `price` double DEFAULT NULL,
  `shop_id` bigint UNSIGNED DEFAULT NULL,
  `sale_price` double DEFAULT NULL,
  `language` varchar(191) CHARACTER SET utf8mb4 COLLATE utf8mb4_unicode_ci NOT NULL DEFAULT 'en',
  `min_price` double(8,2) DEFAULT NULL,
  `max_price` double(8,2) DEFAULT NULL,
  `sku` varchar(191) CHARACTER SET utf8mb4 COLLATE utf8mb4_unicode_ci DEFAULT NULL,
  `quantity` int NOT NULL DEFAULT '0',
  `sold_quantity` int NOT NULL DEFAULT '0',
  `in_stock` tinyint(1) NOT NULL DEFAULT '1',
  `is_taxable` tinyint(1) NOT NULL DEFAULT '0',
  `in_flash_sale` int NOT NULL DEFAULT '0',
  `shipping_class_id` bigint UNSIGNED DEFAULT NULL,
  `status` enum('under_review','approved','rejected','publish','unpublish','draft') CHARACTER SET utf8mb4 COLLATE utf8mb4_unicode_ci NOT NULL DEFAULT 'draft',
  `product_type` enum('simple','variable') CHARACTER SET utf8mb4 COLLATE utf8mb4_unicode_ci NOT NULL DEFAULT 'simple',
  `unit` varchar(191) CHARACTER SET utf8mb4 COLLATE utf8mb4_unicode_ci NOT NULL,
  `height` varchar(191) CHARACTER SET utf8mb4 COLLATE utf8mb4_unicode_ci DEFAULT NULL,
  `width` varchar(191) CHARACTER SET utf8mb4 COLLATE utf8mb4_unicode_ci DEFAULT NULL,
  `length` varchar(191) CHARACTER SET utf8mb4 COLLATE utf8mb4_unicode_ci DEFAULT NULL,
  `weight` varchar(191) CHARACTER SET utf8mb4 COLLATE utf8mb4_unicode_ci DEFAULT NULL,
  `image` json DEFAULT NULL,
  `video` json DEFAULT NULL,
  `gallery` json DEFAULT NULL,
  `deleted_at` timestamp NULL DEFAULT NULL,
  `created_at` timestamp NULL DEFAULT NULL,
  `updated_at` timestamp NULL DEFAULT NULL,
  `author_id` bigint UNSIGNED DEFAULT NULL,
  `manufacturer_id` bigint UNSIGNED DEFAULT NULL,
  `is_digital` tinyint(1) NOT NULL DEFAULT '0',
  `is_external` tinyint(1) NOT NULL DEFAULT '0',
  `external_product_url` varchar(191) CHARACTER SET utf8mb4 COLLATE utf8mb4_unicode_ci DEFAULT NULL,
  `external_product_button_text` varchar(191) CHARACTER SET utf8mb4 COLLATE utf8mb4_unicode_ci DEFAULT NULL,
  `blocked_dates` varchar(191) CHARACTER SET utf8mb4 COLLATE utf8mb4_unicode_ci DEFAULT NULL
) ENGINE=InnoDB DEFAULT CHARSET=utf8mb4 COLLATE=utf8mb4_unicode_ci;

-- --------------------------------------------------------

--
-- Table structure for table `products_meta`
--

CREATE TABLE `products_meta` (
  `id` int UNSIGNED NOT NULL,
  `product_id` bigint UNSIGNED NOT NULL,
  `type` varchar(191) CHARACTER SET utf8mb4 COLLATE utf8mb4_unicode_ci NOT NULL DEFAULT 'null',
  `key` varchar(191) CHARACTER SET utf8mb4 COLLATE utf8mb4_unicode_ci NOT NULL,
  `value` text CHARACTER SET utf8mb4 COLLATE utf8mb4_unicode_ci,
  `created_at` timestamp NULL DEFAULT NULL,
  `updated_at` timestamp NULL DEFAULT NULL
) ENGINE=InnoDB DEFAULT CHARSET=utf8mb4 COLLATE=utf8mb4_unicode_ci;

-- --------------------------------------------------------

--
-- Table structure for table `product_tag`
--

CREATE TABLE `product_tag` (
  `id` bigint UNSIGNED NOT NULL,
  `product_id` bigint UNSIGNED NOT NULL,
  `tag_id` bigint UNSIGNED NOT NULL
) ENGINE=InnoDB DEFAULT CHARSET=utf8mb4 COLLATE=utf8mb4_unicode_ci;

-- --------------------------------------------------------

--
-- Table structure for table `providers`
--

CREATE TABLE `providers` (
  `id` bigint UNSIGNED NOT NULL,
  `user_id` bigint UNSIGNED NOT NULL,
  `provider_user_id` varchar(191) CHARACTER SET utf8mb4 COLLATE utf8mb4_unicode_ci NOT NULL,
  `provider` varchar(191) CHARACTER SET utf8mb4 COLLATE utf8mb4_unicode_ci NOT NULL,
  `created_at` timestamp NULL DEFAULT NULL,
  `updated_at` timestamp NULL DEFAULT NULL
) ENGINE=InnoDB DEFAULT CHARSET=utf8mb4 COLLATE=utf8mb4_unicode_ci;

-- --------------------------------------------------------

--
-- Table structure for table `questions`
--

CREATE TABLE `questions` (
  `id` bigint UNSIGNED NOT NULL,
  `user_id` bigint UNSIGNED NOT NULL,
  `shop_id` bigint UNSIGNED NOT NULL,
  `product_id` bigint UNSIGNED NOT NULL,
  `question` text CHARACTER SET utf8mb4 COLLATE utf8mb4_unicode_ci NOT NULL,
  `answer` text CHARACTER SET utf8mb4 COLLATE utf8mb4_unicode_ci,
  `deleted_at` timestamp NULL DEFAULT NULL,
  `created_at` timestamp NULL DEFAULT NULL,
  `updated_at` timestamp NULL DEFAULT NULL
) ENGINE=InnoDB DEFAULT CHARSET=utf8mb4 COLLATE=utf8mb4_unicode_ci;

-- --------------------------------------------------------

--
-- Table structure for table `refunds`
--

CREATE TABLE `refunds` (
  `id` bigint UNSIGNED NOT NULL,
  `amount` double NOT NULL DEFAULT '0',
  `status` enum('approved','pending','rejected','processing') CHARACTER SET utf8mb4 COLLATE utf8mb4_unicode_ci NOT NULL DEFAULT 'pending',
  `title` varchar(191) CHARACTER SET utf8mb4 COLLATE utf8mb4_unicode_ci DEFAULT NULL,
  `description` text CHARACTER SET utf8mb4 COLLATE utf8mb4_unicode_ci,
  `images` json DEFAULT NULL,
  `order_id` bigint UNSIGNED DEFAULT NULL,
  `customer_id` bigint UNSIGNED DEFAULT NULL,
  `refund_policy_id` bigint UNSIGNED DEFAULT NULL,
  `shop_id` bigint UNSIGNED DEFAULT NULL,
  `refund_reason_id` bigint UNSIGNED DEFAULT NULL,
  `created_at` timestamp NULL DEFAULT NULL,
  `updated_at` timestamp NULL DEFAULT NULL
) ENGINE=InnoDB DEFAULT CHARSET=utf8mb4 COLLATE=utf8mb4_unicode_ci;

-- --------------------------------------------------------

--
-- Table structure for table `refund_policies`
--

CREATE TABLE `refund_policies` (
  `id` bigint UNSIGNED NOT NULL,
  `title` varchar(191) CHARACTER SET utf8mb4 COLLATE utf8mb4_unicode_ci NOT NULL,
  `slug` varchar(191) CHARACTER SET utf8mb4 COLLATE utf8mb4_unicode_ci NOT NULL,
  `description` text CHARACTER SET utf8mb4 COLLATE utf8mb4_unicode_ci,
  `target` enum('vendor','customer') CHARACTER SET utf8mb4 COLLATE utf8mb4_unicode_ci NOT NULL DEFAULT 'vendor',
  `language` varchar(191) CHARACTER SET utf8mb4 COLLATE utf8mb4_unicode_ci NOT NULL DEFAULT 'en',
  `status` enum('approved','pending') CHARACTER SET utf8mb4 COLLATE utf8mb4_unicode_ci NOT NULL DEFAULT 'pending',
  `shop_id` bigint UNSIGNED DEFAULT NULL,
  `created_at` timestamp NULL DEFAULT NULL,
  `updated_at` timestamp NULL DEFAULT NULL,
  `deleted_at` timestamp NULL DEFAULT NULL
) ENGINE=InnoDB DEFAULT CHARSET=utf8mb4 COLLATE=utf8mb4_unicode_ci;

-- --------------------------------------------------------

--
-- Table structure for table `refund_reasons`
--

CREATE TABLE `refund_reasons` (
  `id` bigint UNSIGNED NOT NULL,
  `name` varchar(191) CHARACTER SET utf8mb4 COLLATE utf8mb4_unicode_ci NOT NULL,
  `slug` varchar(191) CHARACTER SET utf8mb4 COLLATE utf8mb4_unicode_ci NOT NULL,
  `language` varchar(191) CHARACTER SET utf8mb4 COLLATE utf8mb4_unicode_ci NOT NULL DEFAULT 'en',
  `created_at` timestamp NULL DEFAULT NULL,
  `updated_at` timestamp NULL DEFAULT NULL,
  `deleted_at` timestamp NULL DEFAULT NULL
) ENGINE=InnoDB DEFAULT CHARSET=utf8mb4 COLLATE=utf8mb4_unicode_ci;

-- --------------------------------------------------------

--
-- Table structure for table `resources`
--

CREATE TABLE `resources` (
  `id` bigint UNSIGNED NOT NULL,
  `name` varchar(191) CHARACTER SET utf8mb4 COLLATE utf8mb4_unicode_ci NOT NULL,
  `slug` varchar(191) CHARACTER SET utf8mb4 COLLATE utf8mb4_unicode_ci NOT NULL,
  `language` varchar(191) CHARACTER SET utf8mb4 COLLATE utf8mb4_unicode_ci NOT NULL DEFAULT 'en',
  `icon` varchar(191) CHARACTER SET utf8mb4 COLLATE utf8mb4_unicode_ci DEFAULT NULL,
  `details` text CHARACTER SET utf8mb4 COLLATE utf8mb4_unicode_ci,
  `image` json DEFAULT NULL,
  `is_approved` tinyint(1) NOT NULL DEFAULT '0',
  `price` double DEFAULT NULL,
  `type` enum('DROPOFF_LOCATION','PICKUP_LOCATION','PERSON','DEPOSIT','FEATURES') CHARACTER SET utf8mb4 COLLATE utf8mb4_unicode_ci NOT NULL,
  `created_at` timestamp NULL DEFAULT NULL,
  `updated_at` timestamp NULL DEFAULT NULL
) ENGINE=InnoDB DEFAULT CHARSET=utf8mb4 COLLATE=utf8mb4_unicode_ci;

-- --------------------------------------------------------

--
-- Table structure for table `reviews`
--

CREATE TABLE `reviews` (
  `id` bigint UNSIGNED NOT NULL,
  `order_id` bigint UNSIGNED DEFAULT NULL,
  `user_id` bigint UNSIGNED NOT NULL,
  `shop_id` bigint UNSIGNED NOT NULL,
  `product_id` bigint UNSIGNED NOT NULL,
  `variation_option_id` bigint UNSIGNED DEFAULT NULL,
  `comment` longtext CHARACTER SET utf8mb4 COLLATE utf8mb4_unicode_ci NOT NULL,
  `rating` double DEFAULT NULL,
  `photos` json DEFAULT NULL,
  `deleted_at` timestamp NULL DEFAULT NULL,
  `created_at` timestamp NULL DEFAULT NULL,
  `updated_at` timestamp NULL DEFAULT NULL
) ENGINE=InnoDB DEFAULT CHARSET=utf8mb4 COLLATE=utf8mb4_unicode_ci;

-- --------------------------------------------------------

--
-- Table structure for table `roles`
--

CREATE TABLE `roles` (
  `id` bigint UNSIGNED NOT NULL,
  `name` varchar(191) CHARACTER SET utf8mb4 COLLATE utf8mb4_unicode_ci NOT NULL,
  `guard_name` varchar(191) CHARACTER SET utf8mb4 COLLATE utf8mb4_unicode_ci NOT NULL,
  `created_at` timestamp NULL DEFAULT NULL,
  `updated_at` timestamp NULL DEFAULT NULL
) ENGINE=InnoDB DEFAULT CHARSET=utf8mb4 COLLATE=utf8mb4_unicode_ci;

--
-- Dumping data for table `roles`
--

INSERT INTO `roles` (`id`, `name`, `guard_name`, `created_at`, `updated_at`) VALUES
(1, 'super_admin', 'api', '2023-08-11 11:57:33', '2023-08-11 11:57:33'),
(2, 'store_owner', 'api', '2023-08-11 11:57:33', '2023-08-11 11:57:33'),
(3, 'staff', 'api', '2023-08-11 11:57:33', '2023-08-11 11:57:33'),
(4, 'customer', 'api', '2023-08-11 11:57:33', '2023-08-11 11:57:33');

-- --------------------------------------------------------

--
-- Table structure for table `role_has_permissions`
--

CREATE TABLE `role_has_permissions` (
  `permission_id` bigint UNSIGNED NOT NULL,
  `role_id` bigint UNSIGNED NOT NULL
) ENGINE=InnoDB DEFAULT CHARSET=utf8mb4 COLLATE=utf8mb4_unicode_ci;

--
-- Dumping data for table `role_has_permissions`
--

INSERT INTO `role_has_permissions` (`permission_id`, `role_id`) VALUES
(1, 1),
(2, 1),
(3, 1),
(2, 2),
(3, 2),
(2, 3),
(4, 3),
(2, 4);

-- --------------------------------------------------------

--
-- Table structure for table `settings`
--

CREATE TABLE `settings` (
  `id` bigint UNSIGNED NOT NULL,
  `options` json NOT NULL,
  `language` varchar(191) CHARACTER SET utf8mb4 COLLATE utf8mb4_unicode_ci NOT NULL DEFAULT 'en',
  `created_at` timestamp NULL DEFAULT NULL,
  `updated_at` timestamp NULL DEFAULT NULL
) ENGINE=InnoDB DEFAULT CHARSET=utf8mb4 COLLATE=utf8mb4_unicode_ci;

--
-- Dumping data for table `settings`
--

INSERT INTO `settings` (`id`, `options`, `language`, `created_at`, `updated_at`) VALUES
(1, '{\"seo\": {\"ogImage\": null, \"ogTitle\": null, \"metaTags\": null, \"metaTitle\": null, \"canonicalUrl\": null, \"ogDescription\": null, \"twitterHandle\": null, \"metaDescription\": null, \"twitterCardType\": null}, \"logo\": {\"id\": \"3407\", \"original\": \"https://knockknock.mx/backend/storage/3404/knokknoklogo.png\", \"thumbnail\": \"https://knockknock.mx/backend/storage/3404/conversions/knokknoklogo-thumbnail.jpg\"}, \"useAi\": false, \"useOtp\": true, \"currency\": \"USD\", \"siteLink\": \"www.4pay.ai\", \"smsEvent\": {\"admin\": {\"refundOrder\": false, \"paymentOrder\": false, \"statusChangeOrder\": false}, \"vendor\": {\"refundOrder\": false, \"createReview\": null, \"paymentOrder\": false, \"createQuestion\": null, \"statusChangeOrder\": false}, \"customer\": {\"refundOrder\": false, \"paymentOrder\": false, \"answerQuestion\": null, \"statusChangeOrder\": false}}, \"taxClass\": \"1\", \"siteTitle\": \"knocknock\", \"emailEvent\": {\"admin\": {\"refundOrder\": false, \"paymentOrder\": false, \"statusChangeOrder\": false}, \"vendor\": {\"refundOrder\": false, \"createReview\": false, \"paymentOrder\": false, \"createQuestion\": false, \"statusChangeOrder\": false}, \"customer\": {\"refundOrder\": false, \"paymentOrder\": false, \"answerQuestion\": false, \"statusChangeOrder\": false}}, \"enableTerms\": null, \"maintenance\": {\"image\": {\"id\": \"1794\", \"original\": \"https://pickbazarlaravel.s3.ap-southeast-1.amazonaws.com/1792/background.png\", \"thumbnail\": \"https://pickbazarlaravel.s3.ap-southeast-1.amazonaws.com/1792/conversions/background-thumbnail.jpg\"}, \"start\": \"2024-02-03T13:13:20.000Z\", \"title\": \"Site is under Maintenance\", \"until\": \"2024-02-04T13:13:20.000Z\", \"description\": \"We are currently undergoing essential maintenance to elevate your browsing experience. Our team is working diligently to implement improvements that will bring you an even more seamless and enjoyable interaction with our site. During this period, you may experience temporary inconveniences. We appreciate your patience and understanding. Thank you for being a part of our community, and we look forward to unveiling the enhanced features and content soon.\", \"aboutUsTitle\": \"About Us\", \"overlayColor\": null, \"buttonTitleOne\": \"Notify Me\", \"buttonTitleTwo\": \"Contact Us\", \"contactUsTitle\": \"Contact Us\", \"isOverlayColor\": false, \"newsLetterTitle\": \"Subscribe Newsletter\", \"overlayColorRange\": null, \"aboutUsDescription\": \"Welcome to 4PAY, your go-to destination for curated excellence. Discover a fusion of style, quality, and affordability in every click. Join our community and elevate your shopping experience with us!\", \"newsLetterDescription\": \"Stay in the loop! Subscribe to our newsletter for exclusive deals and the latest trends delivered straight to your inbox. Elevate your shopping experience with insider access.\"}, \"server_info\": {\"memory_limit\": \"128M\", \"post_max_size\": 8192, \"max_input_time\": \"60\", \"max_execution_time\": \"30\", \"upload_max_filesize\": 20480}, \"app_settings\": {\"trust\": false, \"last_checking_time\": \"2024-03-10T06:53:28.263506Z\"}, \"collapseLogo\": {\"id\": \"3408\", \"original\": \"https://knockknock.mx/backend/storage/3405/knokknoklogo.png\", \"thumbnail\": \"https://knockknock.mx/backend/storage/3405/conversions/knokknoklogo-thumbnail.jpg\"}, \"deliveryTime\": [{\"title\": \"Express Delivery\", \"description\": \"90 min express delivery\"}, {\"title\": \"Morning\", \"description\": \"8.00 AM - 11.00 AM\"}, {\"title\": \"Noon\", \"description\": \"11.00 AM - 2.00 PM\"}, {\"title\": \"Afternoon\", \"description\": \"2.00 PM - 5.00 PM\"}, {\"title\": \"Evening\", \"description\": \"5.00 PM - 8.00 PM\"}], \"externalLink\": \"www.4pay.ai\", \"externalText\": \"4pay\", \"freeShipping\": false, \"signupPoints\": 100, \"siteSubtitle\": \"Your next ecommerce\", \"useGoogleMap\": true, \"copyrightText\": \"Copyright  4pay. All rights reserved worldwide.\", \"enableCoupons\": true, \"guestCheckout\": true, \"shippingClass\": \"1\", \"StripeCardOnly\": false, \"contactDetails\": {\"contact\": \"96171125125\", \"socials\": [{\"url\": \"https://www.instagram.com/4pay.ai?igsh=MTNiYzNiMzkwZA%3D%3D&utm_source=qr\", \"icon\": \"InstagramIcon\"}], \"website\": \"www.4pay.ai\", \"location\": {\"lat\": 33.8791121, \"lng\": 35.4824167, \"zip\": null, \"city\": \"Bayrut\", \"state\": \"Beirut Governorate\", \"country\": \"Lebanon\", \"formattedAddress\": \"Ramlet El Baida, Bayrut, Lebanon\"}, \"emailAddress\": \"info@4pay.ai\"}, \"paymentGateway\": [{\"name\": \"stripe\", \"title\": \"Stripe\"}, {\"name\": \"paypal\", \"title\": \"Paypal\"}], \"currencyOptions\": {\"formation\": \"en-US\", \"fractions\": 1}, \"isProductReview\": false, \"maxShopDistance\": 10, \"pushNotification\": {\"all\": {\"order\": false, \"message\": false, \"storeNotice\": false}}, \"useEnableGateway\": false, \"useCashOnDelivery\": true, \"freeShippingAmount\": null, \"isUnderMaintenance\": false, \"minimumOrderAmount\": 0, \"useMustVerifyEmail\": true, \"maximumQuestionLimit\": 5, \"currencyToWalletRatio\": 3, \"defaultPaymentGateway\": null}', 'en', '2024-01-03 13:13:20', '2024-03-10 06:53:28');

-- --------------------------------------------------------

--
-- Table structure for table `shipping_classes`
--

CREATE TABLE `shipping_classes` (
  `id` bigint UNSIGNED NOT NULL,
  `name` varchar(191) CHARACTER SET utf8mb4 COLLATE utf8mb4_unicode_ci NOT NULL,
  `amount` double NOT NULL,
  `is_global` varchar(191) CHARACTER SET utf8mb4 COLLATE utf8mb4_unicode_ci NOT NULL DEFAULT '1',
  `type` enum('fixed','percentage','free_shipping','fixed') CHARACTER SET utf8mb4 COLLATE utf8mb4_unicode_ci NOT NULL DEFAULT 'fixed',
  `created_at` timestamp NULL DEFAULT NULL,
  `updated_at` timestamp NULL DEFAULT NULL
) ENGINE=InnoDB DEFAULT CHARSET=utf8mb4 COLLATE=utf8mb4_unicode_ci;

-- --------------------------------------------------------

--
-- Table structure for table `shops`
--

CREATE TABLE `shops` (
  `id` bigint UNSIGNED NOT NULL,
  `owner_id` bigint UNSIGNED NOT NULL,
  `name` varchar(191) CHARACTER SET utf8mb4 COLLATE utf8mb4_unicode_ci DEFAULT NULL,
  `slug` varchar(191) CHARACTER SET utf8mb4 COLLATE utf8mb4_unicode_ci DEFAULT NULL,
  `description` text CHARACTER SET utf8mb4 COLLATE utf8mb4_unicode_ci,
  `cover_image` json DEFAULT NULL,
  `logo` json DEFAULT NULL,
  `is_active` tinyint(1) NOT NULL DEFAULT '0',
  `address` json DEFAULT NULL,
  `settings` json DEFAULT NULL,
  `notifications` json DEFAULT NULL,
  `created_at` timestamp NULL DEFAULT NULL,
  `updated_at` timestamp NULL DEFAULT NULL
) ENGINE=InnoDB DEFAULT CHARSET=utf8mb4 COLLATE=utf8mb4_unicode_ci;

-- --------------------------------------------------------

--
-- Table structure for table `store_notices`
--

CREATE TABLE `store_notices` (
  `id` bigint UNSIGNED NOT NULL,
  `priority` enum('high','medium','low') CHARACTER SET utf8mb4 COLLATE utf8mb4_unicode_ci NOT NULL DEFAULT 'low',
  `notice` text CHARACTER SET utf8mb4 COLLATE utf8mb4_unicode_ci NOT NULL,
  `description` text CHARACTER SET utf8mb4 COLLATE utf8mb4_unicode_ci,
  `effective_from` datetime NOT NULL DEFAULT '2024-01-03 13:13:10',
  `expired_at` datetime NOT NULL,
  `type` enum('all_vendor','specific_vendor','all_shop','specific_shop') CHARACTER SET utf8mb4 COLLATE utf8mb4_unicode_ci NOT NULL,
  `created_by` bigint UNSIGNED DEFAULT NULL,
  `updated_by` bigint UNSIGNED DEFAULT NULL,
  `created_at` timestamp NULL DEFAULT NULL,
  `updated_at` timestamp NULL DEFAULT NULL,
  `deleted_at` timestamp NULL DEFAULT NULL
) ENGINE=InnoDB DEFAULT CHARSET=utf8mb4 COLLATE=utf8mb4_unicode_ci;

-- --------------------------------------------------------

--
-- Table structure for table `store_notice_read`
--

CREATE TABLE `store_notice_read` (
  `store_notice_id` bigint UNSIGNED DEFAULT NULL,
  `user_id` bigint UNSIGNED DEFAULT NULL,
  `is_read` tinyint(1) NOT NULL DEFAULT '0'
) ENGINE=InnoDB DEFAULT CHARSET=utf8mb4 COLLATE=utf8mb4_unicode_ci;

-- --------------------------------------------------------

--
-- Table structure for table `store_notice_shop`
--

CREATE TABLE `store_notice_shop` (
  `store_notice_id` bigint UNSIGNED DEFAULT NULL,
  `shop_id` bigint UNSIGNED DEFAULT NULL
) ENGINE=InnoDB DEFAULT CHARSET=utf8mb4 COLLATE=utf8mb4_unicode_ci;

-- --------------------------------------------------------

--
-- Table structure for table `store_notice_user`
--

CREATE TABLE `store_notice_user` (
  `store_notice_id` bigint UNSIGNED DEFAULT NULL,
  `user_id` bigint UNSIGNED DEFAULT NULL
) ENGINE=InnoDB DEFAULT CHARSET=utf8mb4 COLLATE=utf8mb4_unicode_ci;

-- --------------------------------------------------------

--
-- Table structure for table `tags`
--

CREATE TABLE `tags` (
  `id` bigint UNSIGNED NOT NULL,
  `name` varchar(191) CHARACTER SET utf8mb4 COLLATE utf8mb4_unicode_ci NOT NULL,
  `slug` varchar(191) CHARACTER SET utf8mb4 COLLATE utf8mb4_unicode_ci NOT NULL,
  `language` varchar(191) CHARACTER SET utf8mb4 COLLATE utf8mb4_unicode_ci NOT NULL DEFAULT 'en',
  `icon` varchar(191) CHARACTER SET utf8mb4 COLLATE utf8mb4_unicode_ci DEFAULT NULL,
  `image` json DEFAULT NULL,
  `details` text CHARACTER SET utf8mb4 COLLATE utf8mb4_unicode_ci,
  `type_id` bigint UNSIGNED NOT NULL,
  `created_at` timestamp NULL DEFAULT NULL,
  `updated_at` timestamp NULL DEFAULT NULL,
  `deleted_at` timestamp NULL DEFAULT NULL
) ENGINE=InnoDB DEFAULT CHARSET=utf8mb4 COLLATE=utf8mb4_unicode_ci;

-- --------------------------------------------------------

--
-- Table structure for table `tax_classes`
--

CREATE TABLE `tax_classes` (
  `id` bigint UNSIGNED NOT NULL,
  `country` varchar(191) CHARACTER SET utf8mb4 COLLATE utf8mb4_unicode_ci DEFAULT NULL,
  `state` varchar(191) CHARACTER SET utf8mb4 COLLATE utf8mb4_unicode_ci DEFAULT NULL,
  `zip` varchar(191) CHARACTER SET utf8mb4 COLLATE utf8mb4_unicode_ci DEFAULT NULL,
  `city` varchar(191) CHARACTER SET utf8mb4 COLLATE utf8mb4_unicode_ci DEFAULT NULL,
  `rate` double NOT NULL,
  `name` varchar(191) CHARACTER SET utf8mb4 COLLATE utf8mb4_unicode_ci DEFAULT NULL,
  `is_global` int DEFAULT NULL,
  `priority` int DEFAULT NULL,
  `on_shipping` tinyint(1) NOT NULL DEFAULT '1',
  `created_at` timestamp NULL DEFAULT NULL,
  `updated_at` timestamp NULL DEFAULT NULL
) ENGINE=InnoDB DEFAULT CHARSET=utf8mb4 COLLATE=utf8mb4_unicode_ci;

-- --------------------------------------------------------

--
-- Table structure for table `terms_and_conditions`
--

CREATE TABLE `terms_and_conditions` (
  `id` bigint UNSIGNED NOT NULL,
  `user_id` bigint UNSIGNED NOT NULL,
  `shop_id` bigint UNSIGNED DEFAULT NULL,
  `title` text CHARACTER SET utf8mb4 COLLATE utf8mb4_unicode_ci NOT NULL,
  `slug` varchar(191) CHARACTER SET utf8mb4 COLLATE utf8mb4_unicode_ci NOT NULL,
  `description` text CHARACTER SET utf8mb4 COLLATE utf8mb4_unicode_ci NOT NULL,
  `type` varchar(191) CHARACTER SET utf8mb4 COLLATE utf8mb4_unicode_ci DEFAULT NULL,
  `issued_by` varchar(191) CHARACTER SET utf8mb4 COLLATE utf8mb4_unicode_ci DEFAULT NULL,
  `is_approved` tinyint(1) NOT NULL DEFAULT '0',
  `language` varchar(191) CHARACTER SET utf8mb4 COLLATE utf8mb4_unicode_ci DEFAULT NULL,
  `deleted_at` timestamp NULL DEFAULT NULL,
  `created_at` timestamp NULL DEFAULT NULL,
  `updated_at` timestamp NULL DEFAULT NULL
) ENGINE=InnoDB DEFAULT CHARSET=utf8mb4 COLLATE=utf8mb4_unicode_ci;

-- --------------------------------------------------------

--
-- Table structure for table `types`
--

CREATE TABLE `types` (
  `id` bigint UNSIGNED NOT NULL,
  `name` varchar(191) CHARACTER SET utf8mb4 COLLATE utf8mb4_unicode_ci NOT NULL,
  `settings` json DEFAULT NULL,
  `slug` varchar(191) CHARACTER SET utf8mb4 COLLATE utf8mb4_unicode_ci NOT NULL,
  `language` varchar(191) CHARACTER SET utf8mb4 COLLATE utf8mb4_unicode_ci NOT NULL DEFAULT 'en',
  `icon` varchar(191) CHARACTER SET utf8mb4 COLLATE utf8mb4_unicode_ci DEFAULT NULL,
  `promotional_sliders` json DEFAULT NULL,
  `created_at` timestamp NULL DEFAULT NULL,
  `updated_at` timestamp NULL DEFAULT NULL
) ENGINE=InnoDB DEFAULT CHARSET=utf8mb4 COLLATE=utf8mb4_unicode_ci;

--
-- Dumping data for table `types`
--

INSERT INTO `types` (`id`, `name`, `settings`, `slug`, `language`, `icon`, `promotional_sliders`, `created_at`, `updated_at`) VALUES
(1, 'Grocery', '{\"isHome\": true, \"authors\": {\"title\": null, \"enable\": null}, \"category\": {\"title\": \"Our Categories\", \"enable\": true}, \"pageViews\": \"promotinal-slider,best-selling,our-categories,new-product,popular-product,near-shop,people-also-buy,offer-countdown,custome-product,offers,bottom-banner\", \"layoutType\": \"compact\", \"newArrival\": {\"title\": \"New Products\", \"enable\": false}, \"bestSelling\": {\"title\": \"Best Selling Products\", \"enable\": true}, \"productCard\": \"helium\", \"bottomslider\": [], \"manufactures\": {\"title\": \"\", \"enable\": false}, \"customeproduct\": [{\"cpId\": 1, \"title\": \"New Arrivals\", \"category\": \"promocin\", \"products\": []}, {\"cpId\": 2, \"title\": \"Fruit & Vegitables\", \"category\": \"promocin\", \"products\": []}, {\"cpId\": 3, \"title\": \"New Arrivals\", \"category\": \"promocin\", \"products\": []}], \"popularProducts\": {\"title\": \"Popular Products\", \"enable\": true}, \"handpickedProducts\": {\"title\": \"People also buy This\", \"enable\": false, \"products\": [], \"enableSlider\": false}}', 'grocery', 'en', 'FruitsVegetable', '[{\"id\": \"902\", \"original\": \"https://pickbazarlaravel.s3.ap-southeast-1.amazonaws.com/902/offer-5.png\", \"thumbnail\": \"https://pickbazarlaravel.s3.ap-southeast-1.amazonaws.com/902/conversions/offer-5-thumbnail.jpg\"}, {\"id\": \"903\", \"original\": \"https://pickbazarlaravel.s3.ap-southeast-1.amazonaws.com/903/offer-4.png\", \"thumbnail\": \"https://pickbazarlaravel.s3.ap-southeast-1.amazonaws.com/903/conversions/offer-4-thumbnail.jpg\"}, {\"id\": \"904\", \"original\": \"https://pickbazarlaravel.s3.ap-southeast-1.amazonaws.com/904/offer-3.png\", \"thumbnail\": \"https://pickbazarlaravel.s3.ap-southeast-1.amazonaws.com/904/conversions/offer-3-thumbnail.jpg\"}, {\"id\": \"905\", \"original\": \"https://pickbazarlaravel.s3.ap-southeast-1.amazonaws.com/905/offer-2.png\", \"thumbnail\": \"https://pickbazarlaravel.s3.ap-southeast-1.amazonaws.com/905/conversions/offer-2-thumbnail.jpg\"}, {\"id\": \"906\", \"original\": \"https://pickbazarlaravel.s3.ap-southeast-1.amazonaws.com/906/offer-1.png\", \"thumbnail\": \"https://pickbazarlaravel.s3.ap-southeast-1.amazonaws.com/906/conversions/offer-1-thumbnail.jpg\"}]', '2021-03-08 01:48:25', '2024-04-24 11:48:47'),
(8, 'Books', '{\"isHome\": false, \"authors\": {\"title\": null, \"enable\": false}, \"category\": {\"title\": \"Whick Book You Like To See?\", \"enable\": true}, \"layoutType\": \"compact\", \"newArrival\": {\"title\": \"New Arrival\", \"enable\": true}, \"bestSelling\": {\"title\": \"Best Selling Products\", \"enable\": true}, \"productCard\": \"helium\", \"manufactures\": {\"title\": null, \"enable\": null}, \"customeproduct\": [], \"popularProducts\": {\"title\": \"Popular Products\", \"enable\": true}, \"handpickedProducts\": {\"title\": null, \"enable\": null, \"products\": [], \"enableSlider\": null}}', 'books', 'en', 'BookIcon', '[]', '2021-12-07 11:00:18', '2024-01-23 05:32:04'),
(9, 'Gadget', '{\"isHome\": false, \"layoutType\": \"modern\", \"productCard\": \"neon\"}', 'gadget', 'en', 'Gadgets', '[]', '2023-10-02 05:21:02', '2023-10-06 04:43:59'),
(11, 'Medicine', '{\"isHome\": false, \"layoutType\": \"classic\", \"productCard\": \"xenon\"}', 'medicine', 'en', 'MedicineIcon', '[{\"id\": 2336, \"original\": \"https://pickbazarlaravel.s3.ap-southeast-1.amazonaws.com/2333/banner01.png\", \"thumbnail\": \"https://pickbazarlaravel.s3.ap-southeast-1.amazonaws.com/2333/conversions/banner01-thumbnail.jpg\"}, {\"id\": 2337, \"original\": \"https://pickbazarlaravel.s3.ap-southeast-1.amazonaws.com/2334/banner02.png\", \"thumbnail\": \"https://pickbazarlaravel.s3.ap-southeast-1.amazonaws.com/2334/conversions/banner02-thumbnail.jpg\"}, {\"id\": 2338, \"original\": \"https://pickbazarlaravel.s3.ap-southeast-1.amazonaws.com/2335/banner03.png\", \"thumbnail\": \"https://pickbazarlaravel.s3.ap-southeast-1.amazonaws.com/2335/conversions/banner03-thumbnail.jpg\"}, {\"id\": 2339, \"original\": \"https://pickbazarlaravel.s3.ap-southeast-1.amazonaws.com/2336/banner04.png\", \"thumbnail\": \"https://pickbazarlaravel.s3.ap-southeast-1.amazonaws.com/2336/conversions/banner04-thumbnail.jpg\"}]', '2023-10-02 12:14:12', '2023-10-24 14:09:36');

-- --------------------------------------------------------

--
-- Table structure for table `users`
--

CREATE TABLE `users` (
  `id` bigint UNSIGNED NOT NULL,
  `name` varchar(191) CHARACTER SET utf8mb4 COLLATE utf8mb4_unicode_ci NOT NULL,
  `email` varchar(191) CHARACTER SET utf8mb4 COLLATE utf8mb4_unicode_ci NOT NULL,
  `email_verified_at` timestamp NULL DEFAULT NULL,
  `password` varchar(191) CHARACTER SET utf8mb4 COLLATE utf8mb4_unicode_ci DEFAULT NULL,
  `remember_token` varchar(100) CHARACTER SET utf8mb4 COLLATE utf8mb4_unicode_ci DEFAULT NULL,
  `notification_token` text CHARACTER SET utf8mb4 COLLATE utf8mb4_unicode_ci,
  `created_at` timestamp NULL DEFAULT NULL,
  `updated_at` timestamp NULL DEFAULT NULL,
  `is_active` tinyint(1) NOT NULL DEFAULT '1',
  `shop_id` bigint UNSIGNED DEFAULT NULL,
  `orderalert` tinyint NOT NULL DEFAULT '0',
  `details` longtext CHARACTER SET utf8mb4 COLLATE utf8mb4_unicode_ci NOT NULL
) ENGINE=InnoDB DEFAULT CHARSET=utf8mb4 COLLATE=utf8mb4_unicode_ci;

--
-- Dumping data for table `users`
--

INSERT INTO `users` (`id`, `name`, `email`, `email_verified_at`, `password`, `remember_token`, `notification_token`, `created_at`, `updated_at`, `is_active`, `shop_id`, `orderalert`, `details`) VALUES
(6, 'admin', 'admin@test.com', '2024-01-03 13:13:43', '$2y$10$.lV03rYBqgJkiqmD4b6kSunFr43MKISZPRAGM1GK2hwkIe6grweFO', NULL, 'emf3zVfWqCbxPCuj-4bvNO:APA91bFSaIjeaLge8RfwveHdA7xdNjaEh8Y4I9sD4LK1GxXkarKr4h1Gz5Z0IWFOvehJCJn-zALRDuN-RdFOEkLpQnTwOfs1IxfZZRd2Rc-EtU5JDFQybSHrBAek76zXzGq6XIX6yQ-C', '2024-01-03 13:13:43', '2024-03-09 12:44:13', 1, NULL, 0, '');

-- --------------------------------------------------------

--
-- Table structure for table `user_profiles`
--

CREATE TABLE `user_profiles` (
  `id` bigint UNSIGNED NOT NULL,
  `avatar` json DEFAULT NULL,
  `bio` text CHARACTER SET utf8mb4 COLLATE utf8mb4_unicode_ci,
  `socials` json DEFAULT NULL,
  `contact` varchar(191) CHARACTER SET utf8mb4 COLLATE utf8mb4_unicode_ci DEFAULT NULL,
  `notifications` json DEFAULT NULL,
  `customer_id` bigint UNSIGNED NOT NULL,
  `created_at` timestamp NULL DEFAULT NULL,
  `updated_at` timestamp NULL DEFAULT NULL
) ENGINE=InnoDB DEFAULT CHARSET=utf8mb4 COLLATE=utf8mb4_unicode_ci;

-- --------------------------------------------------------

--
-- Table structure for table `user_shop`
--

CREATE TABLE `user_shop` (
  `id` bigint UNSIGNED NOT NULL,
  `user_id` bigint UNSIGNED NOT NULL,
  `shop_id` bigint UNSIGNED NOT NULL
) ENGINE=InnoDB DEFAULT CHARSET=utf8mb4 COLLATE=utf8mb4_unicode_ci;

-- --------------------------------------------------------

--
-- Table structure for table `variation_options`
--

CREATE TABLE `variation_options` (
  `id` bigint UNSIGNED NOT NULL,
  `title` varchar(191) CHARACTER SET utf8mb4 COLLATE utf8mb4_unicode_ci NOT NULL,
  `image` json DEFAULT NULL,
  `price` varchar(191) CHARACTER SET utf8mb4 COLLATE utf8mb4_unicode_ci NOT NULL,
  `sale_price` varchar(191) CHARACTER SET utf8mb4 COLLATE utf8mb4_unicode_ci DEFAULT NULL,
  `language` varchar(191) CHARACTER SET utf8mb4 COLLATE utf8mb4_unicode_ci NOT NULL DEFAULT 'en',
  `quantity` bigint UNSIGNED NOT NULL,
  `sold_quantity` int NOT NULL DEFAULT '0',
  `is_disable` tinyint(1) NOT NULL DEFAULT '0',
  `sku` varchar(191) CHARACTER SET utf8mb4 COLLATE utf8mb4_unicode_ci DEFAULT NULL,
  `options` json NOT NULL,
  `product_id` bigint UNSIGNED DEFAULT NULL,
  `digital_file_tracker` varchar(191) CHARACTER SET utf8mb4 COLLATE utf8mb4_unicode_ci DEFAULT NULL,
  `created_at` timestamp NULL DEFAULT NULL,
  `updated_at` timestamp NULL DEFAULT NULL,
  `is_digital` tinyint(1) NOT NULL DEFAULT '0'
) ENGINE=InnoDB DEFAULT CHARSET=utf8mb4 COLLATE=utf8mb4_unicode_ci;

-- --------------------------------------------------------

--
-- Table structure for table `wallets`
--

CREATE TABLE `wallets` (
  `id` bigint UNSIGNED NOT NULL,
  `total_points` double NOT NULL DEFAULT '0',
  `points_used` double NOT NULL DEFAULT '0',
  `available_points` double NOT NULL DEFAULT '0',
  `customer_id` bigint UNSIGNED DEFAULT NULL,
  `created_at` timestamp NULL DEFAULT NULL,
  `updated_at` timestamp NULL DEFAULT NULL
) ENGINE=InnoDB DEFAULT CHARSET=utf8mb4 COLLATE=utf8mb4_unicode_ci;

-- --------------------------------------------------------

--
-- Table structure for table `wishlists`
--

CREATE TABLE `wishlists` (
  `id` bigint UNSIGNED NOT NULL,
  `user_id` bigint UNSIGNED NOT NULL,
  `product_id` bigint UNSIGNED NOT NULL,
  `variation_option_id` bigint UNSIGNED DEFAULT NULL,
  `created_at` timestamp NULL DEFAULT NULL,
  `updated_at` timestamp NULL DEFAULT NULL
) ENGINE=InnoDB DEFAULT CHARSET=utf8mb4 COLLATE=utf8mb4_unicode_ci;

-- --------------------------------------------------------

--
-- Table structure for table `withdraws`
--

CREATE TABLE `withdraws` (
  `id` bigint UNSIGNED NOT NULL,
  `shop_id` bigint UNSIGNED NOT NULL,
  `amount` double(8,2) NOT NULL,
  `payment_method` varchar(191) CHARACTER SET utf8mb4 COLLATE utf8mb4_unicode_ci DEFAULT NULL,
  `status` enum('approved','pending','on_hold','rejected','processing') CHARACTER SET utf8mb4 COLLATE utf8mb4_unicode_ci NOT NULL DEFAULT 'pending',
  `details` text CHARACTER SET utf8mb4 COLLATE utf8mb4_unicode_ci,
  `note` text CHARACTER SET utf8mb4 COLLATE utf8mb4_unicode_ci,
  `deleted_at` timestamp NULL DEFAULT NULL,
  `created_at` timestamp NULL DEFAULT NULL,
  `updated_at` timestamp NULL DEFAULT NULL
) ENGINE=InnoDB DEFAULT CHARSET=utf8mb4 COLLATE=utf8mb4_unicode_ci;

--
-- Indexes for dumped tables
--

--
-- Indexes for table `abusive_reports`
--
ALTER TABLE `abusive_reports`
  ADD PRIMARY KEY (`id`),
  ADD KEY `abusive_reports_user_id_foreign` (`user_id`),
  ADD KEY `abusive_reports_model_type_model_id_index` (`model_type`,`model_id`);

--
-- Indexes for table `address`
--
ALTER TABLE `address`
  ADD PRIMARY KEY (`id`),
  ADD KEY `address_customer_id_foreign` (`customer_id`);

--
-- Indexes for table `addtocart`
--
ALTER TABLE `addtocart`
  ADD PRIMARY KEY (`id`),
  ADD KEY `user_id` (`user_id`),
  ADD KEY `product_id` (`product_id`),
  ADD KEY `variation_option_id` (`variation_option_id`);

--
-- Indexes for table `attachments`
--
ALTER TABLE `attachments`
  ADD PRIMARY KEY (`id`);

--
-- Indexes for table `attributes`
--
ALTER TABLE `attributes`
  ADD PRIMARY KEY (`id`),
  ADD KEY `attributes_shop_id_foreign` (`shop_id`);

--
-- Indexes for table `attribute_product`
--
ALTER TABLE `attribute_product`
  ADD PRIMARY KEY (`id`),
  ADD KEY `attribute_product_attribute_value_id_foreign` (`attribute_value_id`),
  ADD KEY `attribute_product_product_id_foreign` (`product_id`);

--
-- Indexes for table `attribute_values`
--
ALTER TABLE `attribute_values`
  ADD PRIMARY KEY (`id`),
  ADD KEY `attribute_values_attribute_id_foreign` (`attribute_id`);

--
-- Indexes for table `authors`
--
ALTER TABLE `authors`
  ADD PRIMARY KEY (`id`);

--
-- Indexes for table `availabilities`
--
ALTER TABLE `availabilities`
  ADD PRIMARY KEY (`id`),
  ADD KEY `availabilities_order_id_foreign` (`order_id`),
  ADD KEY `availabilities_product_id_foreign` (`product_id`);

--
-- Indexes for table `balances`
--
ALTER TABLE `balances`
  ADD PRIMARY KEY (`id`),
  ADD KEY `balances_shop_id_foreign` (`shop_id`);

--
-- Indexes for table `banners`
--
ALTER TABLE `banners`
  ADD PRIMARY KEY (`id`),
  ADD KEY `banners_type_id_foreign` (`type_id`);

--
-- Indexes for table `categories`
--
ALTER TABLE `categories`
  ADD PRIMARY KEY (`id`),
  ADD KEY `categories_parent_foreign` (`parent`),
  ADD KEY `categories_type_id_foreign` (`type_id`);

--
-- Indexes for table `category_product`
--
ALTER TABLE `category_product`
  ADD PRIMARY KEY (`id`),
  ADD KEY `category_product_product_id_foreign` (`product_id`),
  ADD KEY `category_product_category_id_foreign` (`category_id`);

--
-- Indexes for table `category_shop`
--
ALTER TABLE `category_shop`
  ADD PRIMARY KEY (`id`),
  ADD KEY `category_shop_shop_id_foreign` (`shop_id`),
  ADD KEY `category_shop_category_id_foreign` (`category_id`);

--
-- Indexes for table `conversations`
--
ALTER TABLE `conversations`
  ADD PRIMARY KEY (`id`),
  ADD KEY `conversations_user_id_foreign` (`user_id`),
  ADD KEY `conversations_shop_id_foreign` (`shop_id`);

--
-- Indexes for table `coupons`
--
ALTER TABLE `coupons`
  ADD PRIMARY KEY (`id`),
  ADD KEY `coupons_shop_id_foreign` (`shop_id`),
  ADD KEY `coupons_user_id_foreign` (`user_id`);

--
-- Indexes for table `delivery_times`
--
ALTER TABLE `delivery_times`
  ADD PRIMARY KEY (`id`);

--
-- Indexes for table `deposit_product`
--
ALTER TABLE `deposit_product`
  ADD KEY `deposit_product_resource_id_foreign` (`resource_id`),
  ADD KEY `deposit_product_product_id_foreign` (`product_id`);

--
-- Indexes for table `digital_files`
--
ALTER TABLE `digital_files`
  ADD PRIMARY KEY (`id`);

--
-- Indexes for table `download_tokens`
--
ALTER TABLE `download_tokens`
  ADD PRIMARY KEY (`id`),
  ADD KEY `download_tokens_digital_file_id_foreign` (`digital_file_id`);

--
-- Indexes for table `dropoff_location_product`
--
ALTER TABLE `dropoff_location_product`
  ADD KEY `dropoff_location_product_resource_id_foreign` (`resource_id`),
  ADD KEY `dropoff_location_product_product_id_foreign` (`product_id`);

--
-- Indexes for table `failed_jobs`
--
ALTER TABLE `failed_jobs`
  ADD PRIMARY KEY (`id`),
  ADD UNIQUE KEY `failed_jobs_uuid_unique` (`uuid`);

--
-- Indexes for table `faqs`
--
ALTER TABLE `faqs`
  ADD PRIMARY KEY (`id`),
  ADD KEY `faqs_user_id_foreign` (`user_id`),
  ADD KEY `faqs_shop_id_foreign` (`shop_id`);

--
-- Indexes for table `feature_product`
--
ALTER TABLE `feature_product`
  ADD KEY `feature_product_resource_id_foreign` (`resource_id`),
  ADD KEY `feature_product_product_id_foreign` (`product_id`);

--
-- Indexes for table `feedbacks`
--
ALTER TABLE `feedbacks`
  ADD PRIMARY KEY (`id`),
  ADD KEY `feedbacks_user_id_foreign` (`user_id`),
  ADD KEY `feedbacks_model_type_model_id_index` (`model_type`,`model_id`);

--
-- Indexes for table `flash_sales`
--
ALTER TABLE `flash_sales`
  ADD PRIMARY KEY (`id`);

--
-- Indexes for table `flash_sale_products`
--
ALTER TABLE `flash_sale_products`
  ADD KEY `flash_sale_products_flash_sale_id_foreign` (`flash_sale_id`),
  ADD KEY `flash_sale_products_product_id_foreign` (`product_id`);

--
-- Indexes for table `flash_sale_requests`
--
ALTER TABLE `flash_sale_requests`
  ADD PRIMARY KEY (`id`),
  ADD KEY `flash_sale_requests_flash_sale_id_foreign` (`flash_sale_id`);

--
-- Indexes for table `flash_sale_requests_products`
--
ALTER TABLE `flash_sale_requests_products`
  ADD KEY `flash_sale_requests_products_flash_sale_requests_id_foreign` (`flash_sale_requests_id`),
  ADD KEY `flash_sale_requests_products_product_id_foreign` (`product_id`);

--
-- Indexes for table `jobs`
--
ALTER TABLE `jobs`
  ADD PRIMARY KEY (`id`),
  ADD KEY `jobs_queue_index` (`queue`);

--
-- Indexes for table `manufacturers`
--
ALTER TABLE `manufacturers`
  ADD PRIMARY KEY (`id`),
  ADD KEY `manufacturers_type_id_foreign` (`type_id`);

--
-- Indexes for table `media`
--
ALTER TABLE `media`
  ADD PRIMARY KEY (`id`),
  ADD KEY `media_model_type_model_id_index` (`model_type`,`model_id`);

--
-- Indexes for table `messages`
--
ALTER TABLE `messages`
  ADD PRIMARY KEY (`id`),
  ADD KEY `messages_conversation_id_foreign` (`conversation_id`),
  ADD KEY `messages_user_id_foreign` (`user_id`);

--
-- Indexes for table `migrations`
--
ALTER TABLE `migrations`
  ADD PRIMARY KEY (`id`);

--
-- Indexes for table `model_has_permissions`
--
ALTER TABLE `model_has_permissions`
  ADD PRIMARY KEY (`permission_id`,`model_id`,`model_type`),
  ADD KEY `model_has_permissions_model_id_model_type_index` (`model_id`,`model_type`);

--
-- Indexes for table `model_has_roles`
--
ALTER TABLE `model_has_roles`
  ADD PRIMARY KEY (`role_id`,`model_id`,`model_type`),
  ADD KEY `model_has_roles_model_id_model_type_index` (`model_id`,`model_type`);

--
-- Indexes for table `notify_logs`
--
ALTER TABLE `notify_logs`
  ADD PRIMARY KEY (`id`),
  ADD KEY `notify_logs_receiver_foreign` (`receiver`),
  ADD KEY `notify_logs_sender_foreign` (`sender`);

--
-- Indexes for table `ordered_files`
--
ALTER TABLE `ordered_files`
  ADD PRIMARY KEY (`id`),
  ADD KEY `ordered_files_digital_file_id_foreign` (`digital_file_id`),
  ADD KEY `ordered_files_tracking_number_foreign` (`tracking_number`),
  ADD KEY `ordered_files_customer_id_foreign` (`customer_id`);

--
-- Indexes for table `orders`
--
ALTER TABLE `orders`
  ADD PRIMARY KEY (`id`),
  ADD UNIQUE KEY `orders_tracking_number_unique` (`tracking_number`),
  ADD KEY `orders_customer_id_foreign` (`customer_id`),
  ADD KEY `orders_shop_id_foreign` (`shop_id`),
  ADD KEY `orders_parent_id_foreign` (`parent_id`);

--
-- Indexes for table `order_product`
--
ALTER TABLE `order_product`
  ADD PRIMARY KEY (`id`),
  ADD KEY `order_product_order_id_foreign` (`order_id`),
  ADD KEY `order_product_product_id_foreign` (`product_id`),
  ADD KEY `order_product_variation_option_id_foreign` (`variation_option_id`);

--
-- Indexes for table `order_wallet_points`
--
ALTER TABLE `order_wallet_points`
  ADD PRIMARY KEY (`id`),
  ADD KEY `order_wallet_points_order_id_foreign` (`order_id`);

--
-- Indexes for table `participants`
--
ALTER TABLE `participants`
  ADD PRIMARY KEY (`id`),
  ADD KEY `participants_conversation_id_foreign` (`conversation_id`),
  ADD KEY `participants_user_id_foreign` (`user_id`),
  ADD KEY `participants_shop_id_foreign` (`shop_id`),
  ADD KEY `participants_message_id_foreign` (`message_id`);

--
-- Indexes for table `password_resets`
--
ALTER TABLE `password_resets`
  ADD KEY `password_resets_email_index` (`email`);

--
-- Indexes for table `payment_gateways`
--
ALTER TABLE `payment_gateways`
  ADD PRIMARY KEY (`id`),
  ADD KEY `payment_gateways_user_id_foreign` (`user_id`);

--
-- Indexes for table `payment_intents`
--
ALTER TABLE `payment_intents`
  ADD PRIMARY KEY (`id`),
  ADD KEY `payment_intents_order_id_foreign` (`order_id`);

--
-- Indexes for table `payment_methods`
--
ALTER TABLE `payment_methods`
  ADD PRIMARY KEY (`id`),
  ADD UNIQUE KEY `payment_methods_method_key_unique` (`method_key`),
  ADD UNIQUE KEY `payment_methods_fingerprint_unique` (`fingerprint`),
  ADD KEY `payment_methods_payment_gateway_id_foreign` (`payment_gateway_id`);

--
-- Indexes for table `permissions`
--
ALTER TABLE `permissions`
  ADD PRIMARY KEY (`id`);

--
-- Indexes for table `personal_access_tokens`
--
ALTER TABLE `personal_access_tokens`
  ADD PRIMARY KEY (`id`),
  ADD UNIQUE KEY `personal_access_tokens_token_unique` (`token`),
  ADD KEY `personal_access_tokens_tokenable_type_tokenable_id_index` (`tokenable_type`,`tokenable_id`);

--
-- Indexes for table `person_product`
--
ALTER TABLE `person_product`
  ADD KEY `person_product_resource_id_foreign` (`resource_id`),
  ADD KEY `person_product_product_id_foreign` (`product_id`);

--
-- Indexes for table `pickup_location_product`
--
ALTER TABLE `pickup_location_product`
  ADD KEY `pickup_location_product_resource_id_foreign` (`resource_id`),
  ADD KEY `pickup_location_product_product_id_foreign` (`product_id`);

--
-- Indexes for table `products`
--
ALTER TABLE `products`
  ADD PRIMARY KEY (`id`),
  ADD KEY `products_type_id_foreign` (`type_id`),
  ADD KEY `products_shipping_class_id_foreign` (`shipping_class_id`),
  ADD KEY `products_shop_id_foreign` (`shop_id`),
  ADD KEY `products_author_id_foreign` (`author_id`),
  ADD KEY `products_manufacturer_id_foreign` (`manufacturer_id`);

--
-- Indexes for table `products_meta`
--
ALTER TABLE `products_meta`
  ADD PRIMARY KEY (`id`),
  ADD KEY `products_meta_product_id_foreign` (`product_id`),
  ADD KEY `products_meta_key_index` (`key`);

--
-- Indexes for table `product_tag`
--
ALTER TABLE `product_tag`
  ADD PRIMARY KEY (`id`),
  ADD KEY `product_tag_product_id_foreign` (`product_id`),
  ADD KEY `product_tag_tag_id_foreign` (`tag_id`);

--
-- Indexes for table `providers`
--
ALTER TABLE `providers`
  ADD PRIMARY KEY (`id`),
  ADD KEY `providers_user_id_foreign` (`user_id`);

--
-- Indexes for table `questions`
--
ALTER TABLE `questions`
  ADD PRIMARY KEY (`id`),
  ADD KEY `questions_user_id_foreign` (`user_id`),
  ADD KEY `questions_shop_id_foreign` (`shop_id`),
  ADD KEY `questions_product_id_foreign` (`product_id`);

--
-- Indexes for table `refunds`
--
ALTER TABLE `refunds`
  ADD PRIMARY KEY (`id`),
  ADD KEY `refunds_order_id_foreign` (`order_id`),
  ADD KEY `refunds_customer_id_foreign` (`customer_id`),
  ADD KEY `refunds_shop_id_foreign` (`shop_id`),
  ADD KEY `refunds_refund_policy_id_foreign` (`refund_policy_id`),
  ADD KEY `refunds_refund_reason_id_foreign` (`refund_reason_id`);

--
-- Indexes for table `refund_policies`
--
ALTER TABLE `refund_policies`
  ADD PRIMARY KEY (`id`),
  ADD UNIQUE KEY `refund_policies_slug_unique` (`slug`),
  ADD KEY `refund_policies_shop_id_foreign` (`shop_id`);

--
-- Indexes for table `refund_reasons`
--
ALTER TABLE `refund_reasons`
  ADD PRIMARY KEY (`id`);

--
-- Indexes for table `resources`
--
ALTER TABLE `resources`
  ADD PRIMARY KEY (`id`);

--
-- Indexes for table `reviews`
--
ALTER TABLE `reviews`
  ADD PRIMARY KEY (`id`),
  ADD KEY `reviews_user_id_foreign` (`user_id`),
  ADD KEY `reviews_shop_id_foreign` (`shop_id`),
  ADD KEY `reviews_product_id_foreign` (`product_id`),
  ADD KEY `reviews_order_id_foreign` (`order_id`),
  ADD KEY `reviews_variation_option_id_foreign` (`variation_option_id`);

--
-- Indexes for table `roles`
--
ALTER TABLE `roles`
  ADD PRIMARY KEY (`id`);

--
-- Indexes for table `role_has_permissions`
--
ALTER TABLE `role_has_permissions`
  ADD PRIMARY KEY (`permission_id`,`role_id`),
  ADD KEY `role_has_permissions_role_id_foreign` (`role_id`);

--
-- Indexes for table `settings`
--
ALTER TABLE `settings`
  ADD PRIMARY KEY (`id`),
  ADD UNIQUE KEY `settings_language_unique` (`language`);

--
-- Indexes for table `shipping_classes`
--
ALTER TABLE `shipping_classes`
  ADD PRIMARY KEY (`id`);

--
-- Indexes for table `shops`
--
ALTER TABLE `shops`
  ADD PRIMARY KEY (`id`),
  ADD KEY `shops_owner_id_foreign` (`owner_id`);

--
-- Indexes for table `store_notices`
--
ALTER TABLE `store_notices`
  ADD PRIMARY KEY (`id`),
  ADD KEY `store_notices_created_by_foreign` (`created_by`),
  ADD KEY `store_notices_updated_by_foreign` (`updated_by`);

--
-- Indexes for table `store_notice_read`
--
ALTER TABLE `store_notice_read`
  ADD KEY `store_notice_read_store_notice_id_foreign` (`store_notice_id`),
  ADD KEY `store_notice_read_user_id_foreign` (`user_id`);

--
-- Indexes for table `store_notice_shop`
--
ALTER TABLE `store_notice_shop`
  ADD KEY `store_notice_shop_store_notice_id_foreign` (`store_notice_id`),
  ADD KEY `store_notice_shop_shop_id_foreign` (`shop_id`);

--
-- Indexes for table `store_notice_user`
--
ALTER TABLE `store_notice_user`
  ADD KEY `store_notice_user_store_notice_id_foreign` (`store_notice_id`),
  ADD KEY `store_notice_user_user_id_foreign` (`user_id`);

--
-- Indexes for table `tags`
--
ALTER TABLE `tags`
  ADD PRIMARY KEY (`id`),
  ADD KEY `tags_type_id_foreign` (`type_id`);

--
-- Indexes for table `tax_classes`
--
ALTER TABLE `tax_classes`
  ADD PRIMARY KEY (`id`);

--
-- Indexes for table `terms_and_conditions`
--
ALTER TABLE `terms_and_conditions`
  ADD PRIMARY KEY (`id`),
  ADD KEY `terms_and_conditions_user_id_foreign` (`user_id`),
  ADD KEY `terms_and_conditions_shop_id_foreign` (`shop_id`);

--
-- Indexes for table `types`
--
ALTER TABLE `types`
  ADD PRIMARY KEY (`id`);

--
-- Indexes for table `users`
--
ALTER TABLE `users`
  ADD PRIMARY KEY (`id`),
  ADD UNIQUE KEY `users_email_unique` (`email`),
  ADD KEY `users_shop_id_foreign` (`shop_id`);

--
-- Indexes for table `user_profiles`
--
ALTER TABLE `user_profiles`
  ADD PRIMARY KEY (`id`),
  ADD KEY `user_profiles_customer_id_foreign` (`customer_id`);

--
-- Indexes for table `user_shop`
--
ALTER TABLE `user_shop`
  ADD PRIMARY KEY (`id`),
  ADD KEY `user_shop_shop_id_foreign` (`shop_id`),
  ADD KEY `user_shop_user_id_foreign` (`user_id`);

--
-- Indexes for table `variation_options`
--
ALTER TABLE `variation_options`
  ADD PRIMARY KEY (`id`),
  ADD KEY `variation_options_product_id_foreign` (`product_id`);

--
-- Indexes for table `wallets`
--
ALTER TABLE `wallets`
  ADD PRIMARY KEY (`id`),
  ADD KEY `wallets_customer_id_foreign` (`customer_id`);

--
-- Indexes for table `wishlists`
--
ALTER TABLE `wishlists`
  ADD PRIMARY KEY (`id`),
  ADD KEY `wishlists_user_id_foreign` (`user_id`),
  ADD KEY `wishlists_product_id_foreign` (`product_id`),
  ADD KEY `wishlists_variation_option_id_foreign` (`variation_option_id`);

--
-- Indexes for table `withdraws`
--
ALTER TABLE `withdraws`
  ADD PRIMARY KEY (`id`),
  ADD KEY `withdraws_shop_id_foreign` (`shop_id`);

--
-- AUTO_INCREMENT for dumped tables
--

--
-- AUTO_INCREMENT for table `abusive_reports`
--
ALTER TABLE `abusive_reports`
  MODIFY `id` bigint UNSIGNED NOT NULL AUTO_INCREMENT;

--
-- AUTO_INCREMENT for table `address`
--
ALTER TABLE `address`
  MODIFY `id` bigint UNSIGNED NOT NULL AUTO_INCREMENT;

--
-- AUTO_INCREMENT for table `addtocart`
--
ALTER TABLE `addtocart`
  MODIFY `id` bigint UNSIGNED NOT NULL AUTO_INCREMENT;

--
-- AUTO_INCREMENT for table `attachments`
--
ALTER TABLE `attachments`
  MODIFY `id` bigint UNSIGNED NOT NULL AUTO_INCREMENT;

--
-- AUTO_INCREMENT for table `attributes`
--
ALTER TABLE `attributes`
  MODIFY `id` bigint UNSIGNED NOT NULL AUTO_INCREMENT;

--
-- AUTO_INCREMENT for table `attribute_product`
--
ALTER TABLE `attribute_product`
  MODIFY `id` bigint UNSIGNED NOT NULL AUTO_INCREMENT;

--
-- AUTO_INCREMENT for table `attribute_values`
--
ALTER TABLE `attribute_values`
  MODIFY `id` bigint UNSIGNED NOT NULL AUTO_INCREMENT;

--
-- AUTO_INCREMENT for table `authors`
--
ALTER TABLE `authors`
  MODIFY `id` bigint UNSIGNED NOT NULL AUTO_INCREMENT, AUTO_INCREMENT=13;

--
-- AUTO_INCREMENT for table `availabilities`
--
ALTER TABLE `availabilities`
  MODIFY `id` bigint UNSIGNED NOT NULL AUTO_INCREMENT;

--
-- AUTO_INCREMENT for table `balances`
--
ALTER TABLE `balances`
  MODIFY `id` bigint UNSIGNED NOT NULL AUTO_INCREMENT;

--
-- AUTO_INCREMENT for table `banners`
--
ALTER TABLE `banners`
  MODIFY `id` bigint UNSIGNED NOT NULL AUTO_INCREMENT;

--
-- AUTO_INCREMENT for table `categories`
--
ALTER TABLE `categories`
  MODIFY `id` bigint UNSIGNED NOT NULL AUTO_INCREMENT;

--
-- AUTO_INCREMENT for table `category_product`
--
ALTER TABLE `category_product`
  MODIFY `id` bigint UNSIGNED NOT NULL AUTO_INCREMENT;

--
-- AUTO_INCREMENT for table `category_shop`
--
ALTER TABLE `category_shop`
  MODIFY `id` bigint UNSIGNED NOT NULL AUTO_INCREMENT;

--
-- AUTO_INCREMENT for table `conversations`
--
ALTER TABLE `conversations`
  MODIFY `id` bigint UNSIGNED NOT NULL AUTO_INCREMENT;

--
-- AUTO_INCREMENT for table `coupons`
--
ALTER TABLE `coupons`
  MODIFY `id` bigint UNSIGNED NOT NULL AUTO_INCREMENT;

--
-- AUTO_INCREMENT for table `delivery_times`
--
ALTER TABLE `delivery_times`
  MODIFY `id` int UNSIGNED NOT NULL AUTO_INCREMENT;

--
-- AUTO_INCREMENT for table `digital_files`
--
ALTER TABLE `digital_files`
  MODIFY `id` bigint UNSIGNED NOT NULL AUTO_INCREMENT;

--
-- AUTO_INCREMENT for table `download_tokens`
--
ALTER TABLE `download_tokens`
  MODIFY `id` bigint UNSIGNED NOT NULL AUTO_INCREMENT;

--
-- AUTO_INCREMENT for table `failed_jobs`
--
ALTER TABLE `failed_jobs`
  MODIFY `id` bigint UNSIGNED NOT NULL AUTO_INCREMENT, AUTO_INCREMENT=3;

--
-- AUTO_INCREMENT for table `faqs`
--
ALTER TABLE `faqs`
  MODIFY `id` bigint UNSIGNED NOT NULL AUTO_INCREMENT;

--
-- AUTO_INCREMENT for table `feedbacks`
--
ALTER TABLE `feedbacks`
  MODIFY `id` bigint UNSIGNED NOT NULL AUTO_INCREMENT;

--
-- AUTO_INCREMENT for table `flash_sales`
--
ALTER TABLE `flash_sales`
  MODIFY `id` bigint UNSIGNED NOT NULL AUTO_INCREMENT;

--
-- AUTO_INCREMENT for table `flash_sale_requests`
--
ALTER TABLE `flash_sale_requests`
  MODIFY `id` bigint UNSIGNED NOT NULL AUTO_INCREMENT;

--
-- AUTO_INCREMENT for table `jobs`
--
ALTER TABLE `jobs`
  MODIFY `id` bigint UNSIGNED NOT NULL AUTO_INCREMENT;

--
-- AUTO_INCREMENT for table `manufacturers`
--
ALTER TABLE `manufacturers`
  MODIFY `id` bigint UNSIGNED NOT NULL AUTO_INCREMENT, AUTO_INCREMENT=20;

--
-- AUTO_INCREMENT for table `media`
--
ALTER TABLE `media`
  MODIFY `id` bigint UNSIGNED NOT NULL AUTO_INCREMENT;

--
-- AUTO_INCREMENT for table `messages`
--
ALTER TABLE `messages`
  MODIFY `id` bigint UNSIGNED NOT NULL AUTO_INCREMENT;

--
-- AUTO_INCREMENT for table `migrations`
--
ALTER TABLE `migrations`
  MODIFY `id` int UNSIGNED NOT NULL AUTO_INCREMENT, AUTO_INCREMENT=31;

--
-- AUTO_INCREMENT for table `notify_logs`
--
ALTER TABLE `notify_logs`
  MODIFY `id` bigint UNSIGNED NOT NULL AUTO_INCREMENT;

--
-- AUTO_INCREMENT for table `ordered_files`
--
ALTER TABLE `ordered_files`
  MODIFY `id` bigint UNSIGNED NOT NULL AUTO_INCREMENT;

--
-- AUTO_INCREMENT for table `orders`
--
ALTER TABLE `orders`
  MODIFY `id` bigint UNSIGNED NOT NULL AUTO_INCREMENT;

--
-- AUTO_INCREMENT for table `order_product`
--
ALTER TABLE `order_product`
  MODIFY `id` bigint UNSIGNED NOT NULL AUTO_INCREMENT;

--
-- AUTO_INCREMENT for table `order_wallet_points`
--
ALTER TABLE `order_wallet_points`
  MODIFY `id` bigint UNSIGNED NOT NULL AUTO_INCREMENT;

--
-- AUTO_INCREMENT for table `participants`
--
ALTER TABLE `participants`
  MODIFY `id` bigint UNSIGNED NOT NULL AUTO_INCREMENT;

--
-- AUTO_INCREMENT for table `payment_gateways`
--
ALTER TABLE `payment_gateways`
  MODIFY `id` bigint UNSIGNED NOT NULL AUTO_INCREMENT;

--
-- AUTO_INCREMENT for table `payment_intents`
--
ALTER TABLE `payment_intents`
  MODIFY `id` bigint UNSIGNED NOT NULL AUTO_INCREMENT;

--
-- AUTO_INCREMENT for table `payment_methods`
--
ALTER TABLE `payment_methods`
  MODIFY `id` bigint UNSIGNED NOT NULL AUTO_INCREMENT;

--
-- AUTO_INCREMENT for table `permissions`
--
ALTER TABLE `permissions`
  MODIFY `id` bigint UNSIGNED NOT NULL AUTO_INCREMENT, AUTO_INCREMENT=5;

--
-- AUTO_INCREMENT for table `personal_access_tokens`
--
ALTER TABLE `personal_access_tokens`
  MODIFY `id` bigint UNSIGNED NOT NULL AUTO_INCREMENT, AUTO_INCREMENT=3;

--
-- AUTO_INCREMENT for table `products`
--
ALTER TABLE `products`
  MODIFY `id` bigint UNSIGNED NOT NULL AUTO_INCREMENT;

--
-- AUTO_INCREMENT for table `products_meta`
--
ALTER TABLE `products_meta`
  MODIFY `id` int UNSIGNED NOT NULL AUTO_INCREMENT;

--
-- AUTO_INCREMENT for table `product_tag`
--
ALTER TABLE `product_tag`
  MODIFY `id` bigint UNSIGNED NOT NULL AUTO_INCREMENT, AUTO_INCREMENT=633;

--
-- AUTO_INCREMENT for table `providers`
--
ALTER TABLE `providers`
  MODIFY `id` bigint UNSIGNED NOT NULL AUTO_INCREMENT;

--
-- AUTO_INCREMENT for table `questions`
--
ALTER TABLE `questions`
  MODIFY `id` bigint UNSIGNED NOT NULL AUTO_INCREMENT;

--
-- AUTO_INCREMENT for table `refunds`
--
ALTER TABLE `refunds`
  MODIFY `id` bigint UNSIGNED NOT NULL AUTO_INCREMENT;

--
-- AUTO_INCREMENT for table `refund_policies`
--
ALTER TABLE `refund_policies`
  MODIFY `id` bigint UNSIGNED NOT NULL AUTO_INCREMENT;

--
-- AUTO_INCREMENT for table `refund_reasons`
--
ALTER TABLE `refund_reasons`
  MODIFY `id` bigint UNSIGNED NOT NULL AUTO_INCREMENT;

--
-- AUTO_INCREMENT for table `resources`
--
ALTER TABLE `resources`
  MODIFY `id` bigint UNSIGNED NOT NULL AUTO_INCREMENT;

--
-- AUTO_INCREMENT for table `reviews`
--
ALTER TABLE `reviews`
  MODIFY `id` bigint UNSIGNED NOT NULL AUTO_INCREMENT;

--
-- AUTO_INCREMENT for table `roles`
--
ALTER TABLE `roles`
  MODIFY `id` bigint UNSIGNED NOT NULL AUTO_INCREMENT, AUTO_INCREMENT=5;

--
-- AUTO_INCREMENT for table `settings`
--
ALTER TABLE `settings`
  MODIFY `id` bigint UNSIGNED NOT NULL AUTO_INCREMENT, AUTO_INCREMENT=2;

--
-- AUTO_INCREMENT for table `shipping_classes`
--
ALTER TABLE `shipping_classes`
  MODIFY `id` bigint UNSIGNED NOT NULL AUTO_INCREMENT;

--
-- AUTO_INCREMENT for table `shops`
--
ALTER TABLE `shops`
  MODIFY `id` bigint UNSIGNED NOT NULL AUTO_INCREMENT;

--
-- AUTO_INCREMENT for table `store_notices`
--
ALTER TABLE `store_notices`
  MODIFY `id` bigint UNSIGNED NOT NULL AUTO_INCREMENT;

--
-- AUTO_INCREMENT for table `tags`
--
ALTER TABLE `tags`
  MODIFY `id` bigint UNSIGNED NOT NULL AUTO_INCREMENT;

--
-- AUTO_INCREMENT for table `tax_classes`
--
ALTER TABLE `tax_classes`
  MODIFY `id` bigint UNSIGNED NOT NULL AUTO_INCREMENT;

--
-- AUTO_INCREMENT for table `terms_and_conditions`
--
ALTER TABLE `terms_and_conditions`
  MODIFY `id` bigint UNSIGNED NOT NULL AUTO_INCREMENT;

--
-- AUTO_INCREMENT for table `types`
--
ALTER TABLE `types`
  MODIFY `id` bigint UNSIGNED NOT NULL AUTO_INCREMENT, AUTO_INCREMENT=12;

--
-- AUTO_INCREMENT for table `users`
--
ALTER TABLE `users`
  MODIFY `id` bigint UNSIGNED NOT NULL AUTO_INCREMENT, AUTO_INCREMENT=72;

--
-- AUTO_INCREMENT for table `user_profiles`
--
ALTER TABLE `user_profiles`
  MODIFY `id` bigint UNSIGNED NOT NULL AUTO_INCREMENT, AUTO_INCREMENT=1119;

--
-- AUTO_INCREMENT for table `user_shop`
--
ALTER TABLE `user_shop`
  MODIFY `id` bigint UNSIGNED NOT NULL AUTO_INCREMENT;

--
-- AUTO_INCREMENT for table `variation_options`
--
ALTER TABLE `variation_options`
  MODIFY `id` bigint UNSIGNED NOT NULL AUTO_INCREMENT;

--
-- AUTO_INCREMENT for table `wallets`
--
ALTER TABLE `wallets`
  MODIFY `id` bigint UNSIGNED NOT NULL AUTO_INCREMENT;

--
-- AUTO_INCREMENT for table `wishlists`
--
ALTER TABLE `wishlists`
  MODIFY `id` bigint UNSIGNED NOT NULL AUTO_INCREMENT;

--
-- AUTO_INCREMENT for table `withdraws`
--
ALTER TABLE `withdraws`
  MODIFY `id` bigint UNSIGNED NOT NULL AUTO_INCREMENT;

--
-- Constraints for dumped tables
--

--
-- Constraints for table `abusive_reports`
--
ALTER TABLE `abusive_reports`
  ADD CONSTRAINT `abusive_reports_user_id_foreign` FOREIGN KEY (`user_id`) REFERENCES `users` (`id`) ON DELETE CASCADE;

--
-- Constraints for table `address`
--
ALTER TABLE `address`
  ADD CONSTRAINT `address_customer_id_foreign` FOREIGN KEY (`customer_id`) REFERENCES `users` (`id`);

--
-- Constraints for table `addtocart`
--
ALTER TABLE `addtocart`
  ADD CONSTRAINT `addtocart_product_id_foreign` FOREIGN KEY (`product_id`) REFERENCES `products` (`id`) ON DELETE CASCADE,
  ADD CONSTRAINT `addtocart_user_id_foreign` FOREIGN KEY (`user_id`) REFERENCES `users` (`id`) ON DELETE CASCADE,
  ADD CONSTRAINT `addtocart_variation_option_id_foreign` FOREIGN KEY (`variation_option_id`) REFERENCES `variation_options` (`id`) ON DELETE CASCADE;

--
-- Constraints for table `attributes`
--
ALTER TABLE `attributes`
  ADD CONSTRAINT `attributes_shop_id_foreign` FOREIGN KEY (`shop_id`) REFERENCES `shops` (`id`) ON DELETE CASCADE;

--
-- Constraints for table `attribute_product`
--
ALTER TABLE `attribute_product`
  ADD CONSTRAINT `attribute_product_attribute_value_id_foreign` FOREIGN KEY (`attribute_value_id`) REFERENCES `attribute_values` (`id`) ON DELETE CASCADE,
  ADD CONSTRAINT `attribute_product_product_id_foreign` FOREIGN KEY (`product_id`) REFERENCES `products` (`id`) ON DELETE CASCADE;

--
-- Constraints for table `attribute_values`
--
ALTER TABLE `attribute_values`
  ADD CONSTRAINT `attribute_values_attribute_id_foreign` FOREIGN KEY (`attribute_id`) REFERENCES `attributes` (`id`) ON DELETE CASCADE;

--
-- Constraints for table `availabilities`
--
ALTER TABLE `availabilities`
  ADD CONSTRAINT `availabilities_order_id_foreign` FOREIGN KEY (`order_id`) REFERENCES `orders` (`id`) ON DELETE CASCADE,
  ADD CONSTRAINT `availabilities_product_id_foreign` FOREIGN KEY (`product_id`) REFERENCES `products` (`id`) ON DELETE CASCADE;

--
-- Constraints for table `balances`
--
ALTER TABLE `balances`
  ADD CONSTRAINT `balances_shop_id_foreign` FOREIGN KEY (`shop_id`) REFERENCES `shops` (`id`) ON DELETE CASCADE;

--
-- Constraints for table `banners`
--
ALTER TABLE `banners`
  ADD CONSTRAINT `banners_type_id_foreign` FOREIGN KEY (`type_id`) REFERENCES `types` (`id`) ON DELETE CASCADE;

--
-- Constraints for table `categories`
--
ALTER TABLE `categories`
  ADD CONSTRAINT `categories_parent_foreign` FOREIGN KEY (`parent`) REFERENCES `categories` (`id`) ON DELETE CASCADE,
  ADD CONSTRAINT `categories_type_id_foreign` FOREIGN KEY (`type_id`) REFERENCES `types` (`id`) ON DELETE CASCADE;

--
-- Constraints for table `category_product`
--
ALTER TABLE `category_product`
  ADD CONSTRAINT `category_product_category_id_foreign` FOREIGN KEY (`category_id`) REFERENCES `categories` (`id`) ON DELETE CASCADE,
  ADD CONSTRAINT `category_product_product_id_foreign` FOREIGN KEY (`product_id`) REFERENCES `products` (`id`) ON DELETE CASCADE;

--
-- Constraints for table `category_shop`
--
ALTER TABLE `category_shop`
  ADD CONSTRAINT `category_shop_category_id_foreign` FOREIGN KEY (`category_id`) REFERENCES `categories` (`id`) ON DELETE CASCADE,
  ADD CONSTRAINT `category_shop_shop_id_foreign` FOREIGN KEY (`shop_id`) REFERENCES `shops` (`id`) ON DELETE CASCADE;

--
-- Constraints for table `conversations`
--
ALTER TABLE `conversations`
  ADD CONSTRAINT `conversations_shop_id_foreign` FOREIGN KEY (`shop_id`) REFERENCES `shops` (`id`) ON DELETE CASCADE,
  ADD CONSTRAINT `conversations_user_id_foreign` FOREIGN KEY (`user_id`) REFERENCES `users` (`id`) ON DELETE CASCADE;

--
-- Constraints for table `coupons`
--
ALTER TABLE `coupons`
  ADD CONSTRAINT `coupons_shop_id_foreign` FOREIGN KEY (`shop_id`) REFERENCES `shops` (`id`) ON DELETE CASCADE,
  ADD CONSTRAINT `coupons_user_id_foreign` FOREIGN KEY (`user_id`) REFERENCES `users` (`id`) ON DELETE CASCADE;

--
-- Constraints for table `deposit_product`
--
ALTER TABLE `deposit_product`
  ADD CONSTRAINT `deposit_product_product_id_foreign` FOREIGN KEY (`product_id`) REFERENCES `products` (`id`) ON DELETE CASCADE,
  ADD CONSTRAINT `deposit_product_resource_id_foreign` FOREIGN KEY (`resource_id`) REFERENCES `resources` (`id`) ON DELETE CASCADE;

--
-- Constraints for table `download_tokens`
--
ALTER TABLE `download_tokens`
  ADD CONSTRAINT `download_tokens_digital_file_id_foreign` FOREIGN KEY (`digital_file_id`) REFERENCES `digital_files` (`id`) ON DELETE CASCADE;

--
-- Constraints for table `dropoff_location_product`
--
ALTER TABLE `dropoff_location_product`
  ADD CONSTRAINT `dropoff_location_product_product_id_foreign` FOREIGN KEY (`product_id`) REFERENCES `products` (`id`) ON DELETE CASCADE,
  ADD CONSTRAINT `dropoff_location_product_resource_id_foreign` FOREIGN KEY (`resource_id`) REFERENCES `resources` (`id`) ON DELETE CASCADE;

--
-- Constraints for table `faqs`
--
ALTER TABLE `faqs`
  ADD CONSTRAINT `faqs_shop_id_foreign` FOREIGN KEY (`shop_id`) REFERENCES `shops` (`id`) ON DELETE CASCADE,
  ADD CONSTRAINT `faqs_user_id_foreign` FOREIGN KEY (`user_id`) REFERENCES `users` (`id`) ON DELETE CASCADE;

--
-- Constraints for table `feature_product`
--
ALTER TABLE `feature_product`
  ADD CONSTRAINT `feature_product_product_id_foreign` FOREIGN KEY (`product_id`) REFERENCES `products` (`id`) ON DELETE CASCADE,
  ADD CONSTRAINT `feature_product_resource_id_foreign` FOREIGN KEY (`resource_id`) REFERENCES `resources` (`id`) ON DELETE CASCADE;

--
-- Constraints for table `feedbacks`
--
ALTER TABLE `feedbacks`
  ADD CONSTRAINT `feedbacks_user_id_foreign` FOREIGN KEY (`user_id`) REFERENCES `users` (`id`) ON DELETE CASCADE;

--
-- Constraints for table `flash_sale_products`
--
ALTER TABLE `flash_sale_products`
  ADD CONSTRAINT `flash_sale_products_flash_sale_id_foreign` FOREIGN KEY (`flash_sale_id`) REFERENCES `flash_sales` (`id`) ON DELETE CASCADE,
  ADD CONSTRAINT `flash_sale_products_product_id_foreign` FOREIGN KEY (`product_id`) REFERENCES `products` (`id`) ON DELETE CASCADE;

--
-- Constraints for table `flash_sale_requests`
--
ALTER TABLE `flash_sale_requests`
  ADD CONSTRAINT `flash_sale_requests_flash_sale_id_foreign` FOREIGN KEY (`flash_sale_id`) REFERENCES `flash_sales` (`id`) ON DELETE CASCADE;

--
-- Constraints for table `flash_sale_requests_products`
--
ALTER TABLE `flash_sale_requests_products`
  ADD CONSTRAINT `flash_sale_requests_products_flash_sale_requests_id_foreign` FOREIGN KEY (`flash_sale_requests_id`) REFERENCES `flash_sale_requests` (`id`) ON DELETE CASCADE,
  ADD CONSTRAINT `flash_sale_requests_products_product_id_foreign` FOREIGN KEY (`product_id`) REFERENCES `products` (`id`) ON DELETE CASCADE;

--
-- Constraints for table `manufacturers`
--
ALTER TABLE `manufacturers`
  ADD CONSTRAINT `manufacturers_type_id_foreign` FOREIGN KEY (`type_id`) REFERENCES `types` (`id`) ON DELETE CASCADE;

--
-- Constraints for table `messages`
--
ALTER TABLE `messages`
  ADD CONSTRAINT `messages_conversation_id_foreign` FOREIGN KEY (`conversation_id`) REFERENCES `conversations` (`id`) ON DELETE CASCADE,
  ADD CONSTRAINT `messages_user_id_foreign` FOREIGN KEY (`user_id`) REFERENCES `users` (`id`) ON DELETE CASCADE;

--
-- Constraints for table `model_has_permissions`
--
ALTER TABLE `model_has_permissions`
  ADD CONSTRAINT `model_has_permissions_permission_id_foreign` FOREIGN KEY (`permission_id`) REFERENCES `permissions` (`id`) ON DELETE CASCADE;

--
-- Constraints for table `model_has_roles`
--
ALTER TABLE `model_has_roles`
  ADD CONSTRAINT `model_has_roles_role_id_foreign` FOREIGN KEY (`role_id`) REFERENCES `roles` (`id`) ON DELETE CASCADE;

--
-- Constraints for table `notify_logs`
--
ALTER TABLE `notify_logs`
  ADD CONSTRAINT `notify_logs_receiver_foreign` FOREIGN KEY (`receiver`) REFERENCES `users` (`id`) ON DELETE CASCADE,
  ADD CONSTRAINT `notify_logs_sender_foreign` FOREIGN KEY (`sender`) REFERENCES `users` (`id`) ON DELETE CASCADE;

--
-- Constraints for table `ordered_files`
--
ALTER TABLE `ordered_files`
  ADD CONSTRAINT `ordered_files_customer_id_foreign` FOREIGN KEY (`customer_id`) REFERENCES `users` (`id`) ON DELETE CASCADE,
  ADD CONSTRAINT `ordered_files_digital_file_id_foreign` FOREIGN KEY (`digital_file_id`) REFERENCES `digital_files` (`id`) ON DELETE CASCADE,
  ADD CONSTRAINT `ordered_files_tracking_number_foreign` FOREIGN KEY (`tracking_number`) REFERENCES `orders` (`tracking_number`) ON DELETE CASCADE;

--
-- Constraints for table `orders`
--
ALTER TABLE `orders`
  ADD CONSTRAINT `orders_customer_id_foreign` FOREIGN KEY (`customer_id`) REFERENCES `users` (`id`),
  ADD CONSTRAINT `orders_parent_id_foreign` FOREIGN KEY (`parent_id`) REFERENCES `orders` (`id`) ON DELETE CASCADE,
  ADD CONSTRAINT `orders_shop_id_foreign` FOREIGN KEY (`shop_id`) REFERENCES `shops` (`id`) ON DELETE CASCADE;

--
-- Constraints for table `order_product`
--
ALTER TABLE `order_product`
  ADD CONSTRAINT `order_product_order_id_foreign` FOREIGN KEY (`order_id`) REFERENCES `orders` (`id`) ON DELETE CASCADE,
  ADD CONSTRAINT `order_product_product_id_foreign` FOREIGN KEY (`product_id`) REFERENCES `products` (`id`) ON DELETE CASCADE,
  ADD CONSTRAINT `order_product_variation_option_id_foreign` FOREIGN KEY (`variation_option_id`) REFERENCES `variation_options` (`id`);

--
-- Constraints for table `order_wallet_points`
--
ALTER TABLE `order_wallet_points`
  ADD CONSTRAINT `order_wallet_points_order_id_foreign` FOREIGN KEY (`order_id`) REFERENCES `orders` (`id`) ON DELETE CASCADE;

--
-- Constraints for table `participants`
--
ALTER TABLE `participants`
  ADD CONSTRAINT `participants_conversation_id_foreign` FOREIGN KEY (`conversation_id`) REFERENCES `conversations` (`id`) ON DELETE CASCADE,
  ADD CONSTRAINT `participants_message_id_foreign` FOREIGN KEY (`message_id`) REFERENCES `messages` (`id`) ON DELETE CASCADE,
  ADD CONSTRAINT `participants_shop_id_foreign` FOREIGN KEY (`shop_id`) REFERENCES `shops` (`id`) ON DELETE CASCADE,
  ADD CONSTRAINT `participants_user_id_foreign` FOREIGN KEY (`user_id`) REFERENCES `users` (`id`) ON DELETE CASCADE;

--
-- Constraints for table `payment_gateways`
--
ALTER TABLE `payment_gateways`
  ADD CONSTRAINT `payment_gateways_user_id_foreign` FOREIGN KEY (`user_id`) REFERENCES `users` (`id`) ON DELETE CASCADE;

--
-- Constraints for table `payment_intents`
--
ALTER TABLE `payment_intents`
  ADD CONSTRAINT `payment_intents_order_id_foreign` FOREIGN KEY (`order_id`) REFERENCES `orders` (`id`) ON DELETE CASCADE;

--
-- Constraints for table `payment_methods`
--
ALTER TABLE `payment_methods`
  ADD CONSTRAINT `payment_methods_payment_gateway_id_foreign` FOREIGN KEY (`payment_gateway_id`) REFERENCES `payment_gateways` (`id`) ON DELETE CASCADE;

--
-- Constraints for table `person_product`
--
ALTER TABLE `person_product`
  ADD CONSTRAINT `person_product_product_id_foreign` FOREIGN KEY (`product_id`) REFERENCES `products` (`id`) ON DELETE CASCADE,
  ADD CONSTRAINT `person_product_resource_id_foreign` FOREIGN KEY (`resource_id`) REFERENCES `resources` (`id`) ON DELETE CASCADE;

--
-- Constraints for table `pickup_location_product`
--
ALTER TABLE `pickup_location_product`
  ADD CONSTRAINT `pickup_location_product_product_id_foreign` FOREIGN KEY (`product_id`) REFERENCES `products` (`id`) ON DELETE CASCADE,
  ADD CONSTRAINT `pickup_location_product_resource_id_foreign` FOREIGN KEY (`resource_id`) REFERENCES `resources` (`id`) ON DELETE CASCADE;

--
-- Constraints for table `products`
--
ALTER TABLE `products`
  ADD CONSTRAINT `products_author_id_foreign` FOREIGN KEY (`author_id`) REFERENCES `authors` (`id`) ON DELETE CASCADE,
  ADD CONSTRAINT `products_manufacturer_id_foreign` FOREIGN KEY (`manufacturer_id`) REFERENCES `manufacturers` (`id`) ON DELETE CASCADE,
  ADD CONSTRAINT `products_shipping_class_id_foreign` FOREIGN KEY (`shipping_class_id`) REFERENCES `shipping_classes` (`id`),
  ADD CONSTRAINT `products_shop_id_foreign` FOREIGN KEY (`shop_id`) REFERENCES `shops` (`id`) ON DELETE CASCADE,
  ADD CONSTRAINT `products_type_id_foreign` FOREIGN KEY (`type_id`) REFERENCES `types` (`id`) ON DELETE CASCADE;

--
-- Constraints for table `products_meta`
--
ALTER TABLE `products_meta`
  ADD CONSTRAINT `products_meta_product_id_foreign` FOREIGN KEY (`product_id`) REFERENCES `products` (`id`) ON DELETE CASCADE;

--
-- Constraints for table `product_tag`
--
ALTER TABLE `product_tag`
  ADD CONSTRAINT `product_tag_product_id_foreign` FOREIGN KEY (`product_id`) REFERENCES `products` (`id`) ON DELETE CASCADE,
  ADD CONSTRAINT `product_tag_tag_id_foreign` FOREIGN KEY (`tag_id`) REFERENCES `tags` (`id`) ON DELETE CASCADE;

--
-- Constraints for table `providers`
--
ALTER TABLE `providers`
  ADD CONSTRAINT `providers_user_id_foreign` FOREIGN KEY (`user_id`) REFERENCES `users` (`id`) ON DELETE CASCADE;

--
-- Constraints for table `questions`
--
ALTER TABLE `questions`
  ADD CONSTRAINT `questions_product_id_foreign` FOREIGN KEY (`product_id`) REFERENCES `products` (`id`) ON DELETE CASCADE,
  ADD CONSTRAINT `questions_shop_id_foreign` FOREIGN KEY (`shop_id`) REFERENCES `shops` (`id`) ON DELETE CASCADE,
  ADD CONSTRAINT `questions_user_id_foreign` FOREIGN KEY (`user_id`) REFERENCES `users` (`id`) ON DELETE CASCADE;

--
-- Constraints for table `refunds`
--
ALTER TABLE `refunds`
  ADD CONSTRAINT `refunds_customer_id_foreign` FOREIGN KEY (`customer_id`) REFERENCES `users` (`id`) ON DELETE CASCADE,
  ADD CONSTRAINT `refunds_order_id_foreign` FOREIGN KEY (`order_id`) REFERENCES `orders` (`id`) ON DELETE CASCADE,
  ADD CONSTRAINT `refunds_refund_policy_id_foreign` FOREIGN KEY (`refund_policy_id`) REFERENCES `refund_policies` (`id`) ON DELETE SET NULL,
  ADD CONSTRAINT `refunds_refund_reason_id_foreign` FOREIGN KEY (`refund_reason_id`) REFERENCES `refund_reasons` (`id`) ON DELETE SET NULL,
  ADD CONSTRAINT `refunds_shop_id_foreign` FOREIGN KEY (`shop_id`) REFERENCES `shops` (`id`) ON DELETE CASCADE;

--
-- Constraints for table `refund_policies`
--
ALTER TABLE `refund_policies`
  ADD CONSTRAINT `refund_policies_shop_id_foreign` FOREIGN KEY (`shop_id`) REFERENCES `shops` (`id`) ON DELETE SET NULL;

--
-- Constraints for table `reviews`
--
ALTER TABLE `reviews`
  ADD CONSTRAINT `reviews_order_id_foreign` FOREIGN KEY (`order_id`) REFERENCES `orders` (`id`) ON DELETE CASCADE,
  ADD CONSTRAINT `reviews_product_id_foreign` FOREIGN KEY (`product_id`) REFERENCES `products` (`id`) ON DELETE CASCADE,
  ADD CONSTRAINT `reviews_shop_id_foreign` FOREIGN KEY (`shop_id`) REFERENCES `shops` (`id`) ON DELETE CASCADE,
  ADD CONSTRAINT `reviews_user_id_foreign` FOREIGN KEY (`user_id`) REFERENCES `users` (`id`) ON DELETE CASCADE,
  ADD CONSTRAINT `reviews_variation_option_id_foreign` FOREIGN KEY (`variation_option_id`) REFERENCES `variation_options` (`id`) ON DELETE CASCADE;

--
-- Constraints for table `role_has_permissions`
--
ALTER TABLE `role_has_permissions`
  ADD CONSTRAINT `role_has_permissions_permission_id_foreign` FOREIGN KEY (`permission_id`) REFERENCES `permissions` (`id`) ON DELETE CASCADE,
  ADD CONSTRAINT `role_has_permissions_role_id_foreign` FOREIGN KEY (`role_id`) REFERENCES `roles` (`id`) ON DELETE CASCADE;

--
-- Constraints for table `shops`
--
ALTER TABLE `shops`
  ADD CONSTRAINT `shops_owner_id_foreign` FOREIGN KEY (`owner_id`) REFERENCES `users` (`id`);

--
-- Constraints for table `store_notices`
--
ALTER TABLE `store_notices`
  ADD CONSTRAINT `store_notices_created_by_foreign` FOREIGN KEY (`created_by`) REFERENCES `users` (`id`),
  ADD CONSTRAINT `store_notices_updated_by_foreign` FOREIGN KEY (`updated_by`) REFERENCES `users` (`id`);

--
-- Constraints for table `store_notice_read`
--
ALTER TABLE `store_notice_read`
  ADD CONSTRAINT `store_notice_read_store_notice_id_foreign` FOREIGN KEY (`store_notice_id`) REFERENCES `store_notices` (`id`) ON DELETE CASCADE,
  ADD CONSTRAINT `store_notice_read_user_id_foreign` FOREIGN KEY (`user_id`) REFERENCES `users` (`id`) ON DELETE CASCADE;

--
-- Constraints for table `store_notice_shop`
--
ALTER TABLE `store_notice_shop`
  ADD CONSTRAINT `store_notice_shop_shop_id_foreign` FOREIGN KEY (`shop_id`) REFERENCES `shops` (`id`) ON DELETE CASCADE,
  ADD CONSTRAINT `store_notice_shop_store_notice_id_foreign` FOREIGN KEY (`store_notice_id`) REFERENCES `store_notices` (`id`) ON DELETE CASCADE;

--
-- Constraints for table `store_notice_user`
--
ALTER TABLE `store_notice_user`
  ADD CONSTRAINT `store_notice_user_store_notice_id_foreign` FOREIGN KEY (`store_notice_id`) REFERENCES `store_notices` (`id`) ON DELETE CASCADE,
  ADD CONSTRAINT `store_notice_user_user_id_foreign` FOREIGN KEY (`user_id`) REFERENCES `users` (`id`) ON DELETE CASCADE;

--
-- Constraints for table `tags`
--
ALTER TABLE `tags`
  ADD CONSTRAINT `tags_type_id_foreign` FOREIGN KEY (`type_id`) REFERENCES `types` (`id`);

--
-- Constraints for table `terms_and_conditions`
--
ALTER TABLE `terms_and_conditions`
  ADD CONSTRAINT `terms_and_conditions_shop_id_foreign` FOREIGN KEY (`shop_id`) REFERENCES `shops` (`id`) ON DELETE CASCADE,
  ADD CONSTRAINT `terms_and_conditions_user_id_foreign` FOREIGN KEY (`user_id`) REFERENCES `users` (`id`) ON DELETE CASCADE;

--
-- Constraints for table `users`
--
ALTER TABLE `users`
  ADD CONSTRAINT `users_shop_id_foreign` FOREIGN KEY (`shop_id`) REFERENCES `shops` (`id`) ON DELETE CASCADE;

--
-- Constraints for table `user_profiles`
--
ALTER TABLE `user_profiles`
  ADD CONSTRAINT `user_profiles_customer_id_foreign` FOREIGN KEY (`customer_id`) REFERENCES `users` (`id`);

--
-- Constraints for table `user_shop`
--
ALTER TABLE `user_shop`
  ADD CONSTRAINT `user_shop_shop_id_foreign` FOREIGN KEY (`shop_id`) REFERENCES `shops` (`id`) ON DELETE CASCADE,
  ADD CONSTRAINT `user_shop_user_id_foreign` FOREIGN KEY (`user_id`) REFERENCES `users` (`id`) ON DELETE CASCADE;

--
-- Constraints for table `variation_options`
--
ALTER TABLE `variation_options`
  ADD CONSTRAINT `variation_options_product_id_foreign` FOREIGN KEY (`product_id`) REFERENCES `products` (`id`) ON DELETE CASCADE;

--
-- Constraints for table `wallets`
--
ALTER TABLE `wallets`
  ADD CONSTRAINT `wallets_customer_id_foreign` FOREIGN KEY (`customer_id`) REFERENCES `users` (`id`) ON DELETE CASCADE;

--
-- Constraints for table `wishlists`
--
ALTER TABLE `wishlists`
  ADD CONSTRAINT `wishlists_product_id_foreign` FOREIGN KEY (`product_id`) REFERENCES `products` (`id`) ON DELETE CASCADE,
  ADD CONSTRAINT `wishlists_user_id_foreign` FOREIGN KEY (`user_id`) REFERENCES `users` (`id`) ON DELETE CASCADE,
  ADD CONSTRAINT `wishlists_variation_option_id_foreign` FOREIGN KEY (`variation_option_id`) REFERENCES `variation_options` (`id`) ON DELETE CASCADE;

--
-- Constraints for table `withdraws`
--
ALTER TABLE `withdraws`
  ADD CONSTRAINT `withdraws_shop_id_foreign` FOREIGN KEY (`shop_id`) REFERENCES `shops` (`id`) ON DELETE CASCADE;
COMMIT;

/*!40101 SET CHARACTER_SET_CLIENT=@OLD_CHARACTER_SET_CLIENT */;
/*!40101 SET CHARACTER_SET_RESULTS=@OLD_CHARACTER_SET_RESULTS */;
/*!40101 SET COLLATION_CONNECTION=@OLD_COLLATION_CONNECTION */;
